split,source_file,export_file,boxes
train,4f09302b172b0a38.jpg,train_4f09302b172b0a38.jpg,1
train,b1c4c93a0d96f8b7.jpg,train_b1c4c93a0d96f8b7.jpg,3
train,5a6e03378170f5fc.jpg,train_5a6e03378170f5fc.jpg,1
train,4c0e7deacf556b1e.jpg,train_4c0e7deacf556b1e.jpg,70
train,a8ccafe128fa817e.jpg,train_a8ccafe128fa817e.jpg,6
train,05c06faedbf36b46.jpg,train_05c06faedbf36b46.jpg,9
train,caa9ab6f42493a72.jpg,train_caa9ab6f42493a72.jpg,7
train,57c9a9bfaf74d71d.jpg,train_57c9a9bfaf74d71d.jpg,1
train,4ab9a8be0e7cc532.jpg,train_4ab9a8be0e7cc532.jpg,1
train,2d9627ca89a77e6f.jpg,train_2d9627ca89a77e6f.jpg,1
train,e61b1ebcab7f71e6.jpg,train_e61b1ebcab7f71e6.jpg,3
train,5035a6e26ed34b35.jpg,train_5035a6e26ed34b35.jpg,1
train,049c3470b12d52fd.jpg,train_049c3470b12d52fd.jpg,4
train,df3291417c308022.jpg,train_df3291417c308022.jpg,3
train,95e4ce67efff52a5.jpg,train_95e4ce67efff52a5.jpg,22
train,ae03527a1f438b74.jpg,train_ae03527a1f438b74.jpg,6
train,44d71bd6ba77a6e5.jpg,train_44d71bd6ba77a6e5.jpg,1
train,10f3c6657a15612f.jpg,train_10f3c6657a15612f.jpg,10
train,992926df855dedcc.jpg,train_992926df855dedcc.jpg,1
train,11d3b980891d73fa.jpg,train_11d3b980891d73fa.jpg,2
train,d8e899fc88393d15.jpg,train_d8e899fc88393d15.jpg,2
train,00834dbb530e2793.jpg,train_00834dbb530e2793.jpg,3
train,99f39cba1ef78b3d.jpg,train_99f39cba1ef78b3d.jpg,1
train,33976ef7abba5444.jpg,train_33976ef7abba5444.jpg,21
train,409ef5f1e658192e.jpg,train_409ef5f1e658192e.jpg,2
train,fdc63a76522fbc15.jpg,train_fdc63a76522fbc15.jpg,1
train,876f38b91ffacef1.jpg,train_876f38b91ffacef1.jpg,1
train,c2382ce5bc526b57.jpg,train_c2382ce5bc526b57.jpg,3
train,e20580b1b3ecd929.jpg,train_e20580b1b3ecd929.jpg,1
train,04b2407286191060.jpg,train_04b2407286191060.jpg,6
train,c145b2af3aa28caf.jpg,train_c145b2af3aa28caf.jpg,1
train,01dbc66a641c11a3.jpg,train_01dbc66a641c11a3.jpg,19
train,4faeeb931e24f414.jpg,train_4faeeb931e24f414.jpg,7
train,8ddffaa1a5ddada1.jpg,train_8ddffaa1a5ddada1.jpg,18
train,09cc32dd6fd5de0c.jpg,train_09cc32dd6fd5de0c.jpg,4
train,b7676a5a1f33e52c.jpg,train_b7676a5a1f33e52c.jpg,2
train,e39495e53357095f.jpg,train_e39495e53357095f.jpg,2
train,5becf91d74bd571f.jpg,train_5becf91d74bd571f.jpg,1
train,1f9809d2485ec7b3.jpg,train_1f9809d2485ec7b3.jpg,12
train,ac1485d098bc6324.jpg,train_ac1485d098bc6324.jpg,2
train,ee842751b5671c98.jpg,train_ee842751b5671c98.jpg,9
train,7be3e7d971393c0b.jpg,train_7be3e7d971393c0b.jpg,7
train,f9529e673fbd4308.jpg,train_f9529e673fbd4308.jpg,2
train,d7843edcca0a38d5.jpg,train_d7843edcca0a38d5.jpg,10
train,3dc08213b1a32745.jpg,train_3dc08213b1a32745.jpg,1
train,bd01a5f35349d498.jpg,train_bd01a5f35349d498.jpg,1
train,b15cab91d671b3e1.jpg,train_b15cab91d671b3e1.jpg,1
train,c64fa831c6f0bb74.jpg,train_c64fa831c6f0bb74.jpg,15
train,4fe50d9a86e93134.jpg,train_4fe50d9a86e93134.jpg,5
train,b227383e6cf19511.jpg,train_b227383e6cf19511.jpg,1
train,e0779d2e140087d6.jpg,train_e0779d2e140087d6.jpg,8
train,7ca1f4ddbb0d8b13.jpg,train_7ca1f4ddbb0d8b13.jpg,2
train,87bae9d036c5f65f.jpg,train_87bae9d036c5f65f.jpg,7
train,248f3e2be2b4cf01.jpg,train_248f3e2be2b4cf01.jpg,1
train,53639be77f2abd18.jpg,train_53639be77f2abd18.jpg,2
train,18870a31b469864f.jpg,train_18870a31b469864f.jpg,3
train,945868a4bb6e5fe6.jpg,train_945868a4bb6e5fe6.jpg,3
train,0c3b82b50ed1e07a.jpg,train_0c3b82b50ed1e07a.jpg,14
train,050ad76d99bac759.jpg,train_050ad76d99bac759.jpg,1
train,a9d7dccd9a1f739e.jpg,train_a9d7dccd9a1f739e.jpg,7
train,80aa0f85dcbe3b3c.jpg,train_80aa0f85dcbe3b3c.jpg,2
train,a68c19bcf0409b82.jpg,train_a68c19bcf0409b82.jpg,14
train,e16824014134f255.jpg,train_e16824014134f255.jpg,1
train,6bada46302fca3d5.jpg,train_6bada46302fca3d5.jpg,2
train,d36fc0f45a392c13.jpg,train_d36fc0f45a392c13.jpg,1
train,06aedd7a3bdd517a.jpg,train_06aedd7a3bdd517a.jpg,1
train,e3a8c707ff24d650.jpg,train_e3a8c707ff24d650.jpg,1
train,03e8b76f6d605630.jpg,train_03e8b76f6d605630.jpg,1
train,0092a699d0c030cf.jpg,train_0092a699d0c030cf.jpg,2
train,329f50080f0d8147.jpg,train_329f50080f0d8147.jpg,5
train,c4a23fc585f438fa.jpg,train_c4a23fc585f438fa.jpg,4
train,9f19865d1e6eb65a.jpg,train_9f19865d1e6eb65a.jpg,6
train,00342fe8d91c28a0.jpg,train_00342fe8d91c28a0.jpg,2
train,6eedcfb6c0034e15.jpg,train_6eedcfb6c0034e15.jpg,3
train,d5e78cf0104c9ba4.jpg,train_d5e78cf0104c9ba4.jpg,2
train,1aab7cab1a1dd5ae.jpg,train_1aab7cab1a1dd5ae.jpg,1
train,289159f763f9c866.jpg,train_289159f763f9c866.jpg,6
train,d46fde22802b71e5.jpg,train_d46fde22802b71e5.jpg,1
train,f4625f3ad213e008.jpg,train_f4625f3ad213e008.jpg,8
train,dd0ecd3d724bccdf.jpg,train_dd0ecd3d724bccdf.jpg,1
train,588cd7a5b304861a.jpg,train_588cd7a5b304861a.jpg,1
train,1328d93f7ef51179.jpg,train_1328d93f7ef51179.jpg,3
train,7197e515fc8ad5a7.jpg,train_7197e515fc8ad5a7.jpg,33
train,71a410216366cf34.jpg,train_71a410216366cf34.jpg,1
train,7973d65b930175d8.jpg,train_7973d65b930175d8.jpg,1
train,28afcacfcc55e98b.jpg,train_28afcacfcc55e98b.jpg,1
train,ed938b78ae5d5d89.jpg,train_ed938b78ae5d5d89.jpg,4
train,b2552bd2a11f16a7.jpg,train_b2552bd2a11f16a7.jpg,3
train,9d98adfb81285105.jpg,train_9d98adfb81285105.jpg,10
train,b32d4b3a83a27caa.jpg,train_b32d4b3a83a27caa.jpg,2
train,3c6e9b5574c44a0e.jpg,train_3c6e9b5574c44a0e.jpg,1
train,546124aea9342628.jpg,train_546124aea9342628.jpg,4
train,b10561b7ec128b4c.jpg,train_b10561b7ec128b4c.jpg,6
train,753908bff7af65e0.jpg,train_753908bff7af65e0.jpg,4
train,2ca69b9450bb8f86.jpg,train_2ca69b9450bb8f86.jpg,5
train,0f1fcb870d0b1620.jpg,train_0f1fcb870d0b1620.jpg,2
train,972c31dd9e4fdbf6.jpg,train_972c31dd9e4fdbf6.jpg,1
train,bd3d21f3c2565519.jpg,train_bd3d21f3c2565519.jpg,1
train,966fc2e706d16645.jpg,train_966fc2e706d16645.jpg,10
train,e75e84308423585c.jpg,train_e75e84308423585c.jpg,1
train,b3f87ce61cacd597.jpg,train_b3f87ce61cacd597.jpg,2
train,4c224d2a47cee84f.jpg,train_4c224d2a47cee84f.jpg,4
train,359e28f9b21ae2eb.jpg,train_359e28f9b21ae2eb.jpg,1
train,4567846b6acaf658.jpg,train_4567846b6acaf658.jpg,1
train,c8392fb6b999ac7e.jpg,train_c8392fb6b999ac7e.jpg,1
train,01e4c234dda8d576.jpg,train_01e4c234dda8d576.jpg,2
train,8111a386cce760a1.jpg,train_8111a386cce760a1.jpg,2
train,cdd06bcf41d25134.jpg,train_cdd06bcf41d25134.jpg,1
train,6a617bfc160f6ba4.jpg,train_6a617bfc160f6ba4.jpg,3
train,629c2f284bf9ba9d.jpg,train_629c2f284bf9ba9d.jpg,1
train,7c3a2be463de6506.jpg,train_7c3a2be463de6506.jpg,1
train,f9081c9c25dedc88.jpg,train_f9081c9c25dedc88.jpg,1
train,8481b20e4d9f3ee5.jpg,train_8481b20e4d9f3ee5.jpg,1
train,83aef81281962120.jpg,train_83aef81281962120.jpg,2
train,ab818552ce8577e5.jpg,train_ab818552ce8577e5.jpg,1
train,2ce1335f46db4ce6.jpg,train_2ce1335f46db4ce6.jpg,1
train,00d8a67bf777e47e.jpg,train_00d8a67bf777e47e.jpg,2
train,67001ab7ccd10263.jpg,train_67001ab7ccd10263.jpg,5
train,7e593c358d6432bf.jpg,train_7e593c358d6432bf.jpg,1
train,bb52c9b26e7c4e08.jpg,train_bb52c9b26e7c4e08.jpg,1
train,22a8b303a79afc38.jpg,train_22a8b303a79afc38.jpg,4
train,0b6000d5ca3c4aac.jpg,train_0b6000d5ca3c4aac.jpg,1
train,998cb4b7697a4675.jpg,train_998cb4b7697a4675.jpg,1
train,031db55dd2420683.jpg,train_031db55dd2420683.jpg,7
train,ba514af3f343b289.jpg,train_ba514af3f343b289.jpg,2
train,a47d4709bf7e026e.jpg,train_a47d4709bf7e026e.jpg,1
train,2a9d65391a2484b2.jpg,train_2a9d65391a2484b2.jpg,8
train,c1731a7ad7fb2bf2.jpg,train_c1731a7ad7fb2bf2.jpg,2
train,f56fc52917795f76.jpg,train_f56fc52917795f76.jpg,1
train,5bedca79b1bda155.jpg,train_5bedca79b1bda155.jpg,2
train,2999ae38b4049961.jpg,train_2999ae38b4049961.jpg,1
train,e921696f3863e750.jpg,train_e921696f3863e750.jpg,3
train,e91b72c66128c009.jpg,train_e91b72c66128c009.jpg,1
train,b43e575a026008bb.jpg,train_b43e575a026008bb.jpg,11
train,1242ba953cd74e4b.jpg,train_1242ba953cd74e4b.jpg,2
train,954dd429b39703f7.jpg,train_954dd429b39703f7.jpg,6
train,406d7c6aed2bcfbd.jpg,train_406d7c6aed2bcfbd.jpg,1
train,449c6425637f27f2.jpg,train_449c6425637f27f2.jpg,2
train,2fa51c308a0edc35.jpg,train_2fa51c308a0edc35.jpg,1
train,0409b81ee3e62cfc.jpg,train_0409b81ee3e62cfc.jpg,1
train,aa73921bb72b19c5.jpg,train_aa73921bb72b19c5.jpg,1
train,206ee651a87a2a98.jpg,train_206ee651a87a2a98.jpg,13
train,f6e407b7a0e8a635.jpg,train_f6e407b7a0e8a635.jpg,3
train,ab6d3ca54372ff0e.jpg,train_ab6d3ca54372ff0e.jpg,2
train,c410fd777681f133.jpg,train_c410fd777681f133.jpg,14
train,e79702fc347a922a.jpg,train_e79702fc347a922a.jpg,15
train,a508c9f38bd589c5.jpg,train_a508c9f38bd589c5.jpg,52
train,3550f270e6bd1f45.jpg,train_3550f270e6bd1f45.jpg,1
train,3ef7f7fa45d58a5b.jpg,train_3ef7f7fa45d58a5b.jpg,1
train,ac67c265922a8978.jpg,train_ac67c265922a8978.jpg,2
train,3c05c93b6a837aeb.jpg,train_3c05c93b6a837aeb.jpg,2
train,a9023cdf3fe54ca7.jpg,train_a9023cdf3fe54ca7.jpg,1
train,753b2088b2191ad4.jpg,train_753b2088b2191ad4.jpg,22
train,62abaece54b5292a.jpg,train_62abaece54b5292a.jpg,19
train,e459fd2b00767361.jpg,train_e459fd2b00767361.jpg,1
train,6d208ab56d88589a.jpg,train_6d208ab56d88589a.jpg,1
train,3191b701fb16254c.jpg,train_3191b701fb16254c.jpg,15
train,12e6389adff70768.jpg,train_12e6389adff70768.jpg,2
train,8f66fd492fa0d866.jpg,train_8f66fd492fa0d866.jpg,1
train,5982d2afc592dcd2.jpg,train_5982d2afc592dcd2.jpg,13
train,8145624df101fdff.jpg,train_8145624df101fdff.jpg,3
train,06e6e0049ad17de0.jpg,train_06e6e0049ad17de0.jpg,1
train,578f9ef785cbcdfe.jpg,train_578f9ef785cbcdfe.jpg,15
train,03188dd92c454301.jpg,train_03188dd92c454301.jpg,1
train,747e2d0cbe9bb7a2.jpg,train_747e2d0cbe9bb7a2.jpg,4
train,7fd952debd17fa8b.jpg,train_7fd952debd17fa8b.jpg,1
train,c8bba3651be8790b.jpg,train_c8bba3651be8790b.jpg,5
train,41f1958e7d1bf5a8.jpg,train_41f1958e7d1bf5a8.jpg,7
train,8697026039e4f281.jpg,train_8697026039e4f281.jpg,1
train,5d39c7f58a9519a3.jpg,train_5d39c7f58a9519a3.jpg,6
train,3f4c4309d2e4dae7.jpg,train_3f4c4309d2e4dae7.jpg,3
train,d8ebfa5d3f7bf57d.jpg,train_d8ebfa5d3f7bf57d.jpg,3
train,ba41e09ad5845819.jpg,train_ba41e09ad5845819.jpg,4
train,a1362ee7f8a7745c.jpg,train_a1362ee7f8a7745c.jpg,1
train,d2909019f94dc11f.jpg,train_d2909019f94dc11f.jpg,3
train,010be4f42f14b195.jpg,train_010be4f42f14b195.jpg,4
train,65ce2e4c97ccb1a2.jpg,train_65ce2e4c97ccb1a2.jpg,6
train,a8d5431b4aa2d0f8.jpg,train_a8d5431b4aa2d0f8.jpg,1
train,71a0a82aac5d6d02.jpg,train_71a0a82aac5d6d02.jpg,4
train,fbb0d732ad47cef3.jpg,train_fbb0d732ad47cef3.jpg,1
train,5dbea29b11789685.jpg,train_5dbea29b11789685.jpg,5
train,a6c3a4dab33e2123.jpg,train_a6c3a4dab33e2123.jpg,1
train,1e216d3ca83fd767.jpg,train_1e216d3ca83fd767.jpg,5
train,ff68748c92ca6296.jpg,train_ff68748c92ca6296.jpg,2
train,a31ca23b4d6a3620.jpg,train_a31ca23b4d6a3620.jpg,1
train,06771b588add32aa.jpg,train_06771b588add32aa.jpg,10
train,a8f0d074d01d19ba.jpg,train_a8f0d074d01d19ba.jpg,1
train,cd9f1bf46f4db00f.jpg,train_cd9f1bf46f4db00f.jpg,11
train,1379ff51edd30a42.jpg,train_1379ff51edd30a42.jpg,7
train,b258c35670397915.jpg,train_b258c35670397915.jpg,2
train,6c551361c305a63f.jpg,train_6c551361c305a63f.jpg,10
train,08fadadcda1182cd.jpg,train_08fadadcda1182cd.jpg,1
train,06c9fb98702d277a.jpg,train_06c9fb98702d277a.jpg,1
train,61a7a62e68633bda.jpg,train_61a7a62e68633bda.jpg,1
train,1b7c427d3fd4cbed.jpg,train_1b7c427d3fd4cbed.jpg,2
train,b42c384577bf80d6.jpg,train_b42c384577bf80d6.jpg,1
train,74e1396ce4d49ea5.jpg,train_74e1396ce4d49ea5.jpg,2
train,ede0d3e859731915.jpg,train_ede0d3e859731915.jpg,8
train,2743e123b2f95a1f.jpg,train_2743e123b2f95a1f.jpg,2
train,02b47ee3d7af889a.jpg,train_02b47ee3d7af889a.jpg,5
train,8e8787effa44a992.jpg,train_8e8787effa44a992.jpg,9
train,e9ec5a089137c7a8.jpg,train_e9ec5a089137c7a8.jpg,1
train,690ed1fe73a521f3.jpg,train_690ed1fe73a521f3.jpg,3
train,c932b3e6b72f4efb.jpg,train_c932b3e6b72f4efb.jpg,2
train,dccccd7b86d9fc48.jpg,train_dccccd7b86d9fc48.jpg,3
train,a1380de2e5706216.jpg,train_a1380de2e5706216.jpg,2
train,17956b8213ed5b04.jpg,train_17956b8213ed5b04.jpg,29
train,fa4879b0f94ddc54.jpg,train_fa4879b0f94ddc54.jpg,1
train,d2bf1e9af07a7a4c.jpg,train_d2bf1e9af07a7a4c.jpg,5
train,b95a12993e757e2f.jpg,train_b95a12993e757e2f.jpg,1
train,04cc60a6704ad730.jpg,train_04cc60a6704ad730.jpg,3
train,1a8448b605a937c1.jpg,train_1a8448b605a937c1.jpg,7
train,829b52d9855ce0ea.jpg,train_829b52d9855ce0ea.jpg,1
train,186271a18740c777.jpg,train_186271a18740c777.jpg,2
train,c57bc84cca4eb568.jpg,train_c57bc84cca4eb568.jpg,1
train,f348921b5985990e.jpg,train_f348921b5985990e.jpg,1
train,676c38d6ce1acbb6.jpg,train_676c38d6ce1acbb6.jpg,1
train,1ad8fef227156d49.jpg,train_1ad8fef227156d49.jpg,16
train,46864d3458ab12c3.jpg,train_46864d3458ab12c3.jpg,10
train,efa35e53670d5d63.jpg,train_efa35e53670d5d63.jpg,4
train,faae80b7b772c8c5.jpg,train_faae80b7b772c8c5.jpg,2
train,3075650e8c540320.jpg,train_3075650e8c540320.jpg,2
train,31b8312740a7b5d1.jpg,train_31b8312740a7b5d1.jpg,4
train,e48eb6104a7bcd5e.jpg,train_e48eb6104a7bcd5e.jpg,1
train,71633c4735a43da3.jpg,train_71633c4735a43da3.jpg,12
train,e6bbd4be4821c480.jpg,train_e6bbd4be4821c480.jpg,5
train,b3b4a1fac46def7a.jpg,train_b3b4a1fac46def7a.jpg,6
train,007ea5c8a9206099.jpg,train_007ea5c8a9206099.jpg,1
train,116629618d1b07b6.jpg,train_116629618d1b07b6.jpg,3
train,bedbb7559149567d.jpg,train_bedbb7559149567d.jpg,1
train,1fbf812f90edbff5.jpg,train_1fbf812f90edbff5.jpg,1
train,0ca9ba8752806550.jpg,train_0ca9ba8752806550.jpg,2
train,36a54ec9052ca80a.jpg,train_36a54ec9052ca80a.jpg,1
train,3f5d47578985d851.jpg,train_3f5d47578985d851.jpg,2
train,bc1b0095f7b62f62.jpg,train_bc1b0095f7b62f62.jpg,2
train,08eff8301ae1ba8a.jpg,train_08eff8301ae1ba8a.jpg,1
train,14cb6e0e5064d07c.jpg,train_14cb6e0e5064d07c.jpg,7
train,aac1ce1111cd724b.jpg,train_aac1ce1111cd724b.jpg,1
train,382160a53cd4845d.jpg,train_382160a53cd4845d.jpg,12
train,e16be81cb8635824.jpg,train_e16be81cb8635824.jpg,2
train,ac660409f0ed042b.jpg,train_ac660409f0ed042b.jpg,1
train,0a661940516b2ff4.jpg,train_0a661940516b2ff4.jpg,4
train,050d0b0313895c5c.jpg,train_050d0b0313895c5c.jpg,4
train,b19b0f6a6110d774.jpg,train_b19b0f6a6110d774.jpg,4
train,7e20e72162b9ebd6.jpg,train_7e20e72162b9ebd6.jpg,11
train,c1d4eb5036dafdb2.jpg,train_c1d4eb5036dafdb2.jpg,1
train,fdd2b5017ba9db77.jpg,train_fdd2b5017ba9db77.jpg,9
train,2ab60e1cff2efb0a.jpg,train_2ab60e1cff2efb0a.jpg,19
train,754cd23ad5cf2c85.jpg,train_754cd23ad5cf2c85.jpg,28
train,1897b44542796f50.jpg,train_1897b44542796f50.jpg,4
train,a5a7bfbbc995b91a.jpg,train_a5a7bfbbc995b91a.jpg,1
train,cc4008af2e4247f7.jpg,train_cc4008af2e4247f7.jpg,6
train,00ddfb38f49c18bf.jpg,train_00ddfb38f49c18bf.jpg,2
train,250b13e5dfd8a18a.jpg,train_250b13e5dfd8a18a.jpg,9
train,79b8db7270281c1d.jpg,train_79b8db7270281c1d.jpg,8
train,782b758748cf5e0c.jpg,train_782b758748cf5e0c.jpg,2
train,2cf3b0f91ee3e345.jpg,train_2cf3b0f91ee3e345.jpg,1
train,72319c7bbbea08e7.jpg,train_72319c7bbbea08e7.jpg,1
train,87a7c8ccfb445f08.jpg,train_87a7c8ccfb445f08.jpg,1
train,ce006370ede2cec6.jpg,train_ce006370ede2cec6.jpg,1
train,a268a02d64be69d3.jpg,train_a268a02d64be69d3.jpg,1
train,2930cac75a9fc83f.jpg,train_2930cac75a9fc83f.jpg,4
train,0befe1719a23c177.jpg,train_0befe1719a23c177.jpg,7
train,a6f871a0b3cac36e.jpg,train_a6f871a0b3cac36e.jpg,2
train,b465431104b22eea.jpg,train_b465431104b22eea.jpg,1
train,52323f2e23e602e0.jpg,train_52323f2e23e602e0.jpg,2
train,10dcf256a5b3700f.jpg,train_10dcf256a5b3700f.jpg,6
train,3630e760ec3358d0.jpg,train_3630e760ec3358d0.jpg,1
train,00d84d869e53dcc4.jpg,train_00d84d869e53dcc4.jpg,2
train,e0fffcc4db3e897e.jpg,train_e0fffcc4db3e897e.jpg,1
train,9e2716495136e391.jpg,train_9e2716495136e391.jpg,3
train,e84c07f81e0317fe.jpg,train_e84c07f81e0317fe.jpg,1
train,b8344e56bd7ddfdc.jpg,train_b8344e56bd7ddfdc.jpg,1
train,8fe8fef98d04d7a1.jpg,train_8fe8fef98d04d7a1.jpg,2
train,7c06f1baf3c9c770.jpg,train_7c06f1baf3c9c770.jpg,8
train,cb03ae4aa2649a7b.jpg,train_cb03ae4aa2649a7b.jpg,1
train,f85c4d88d88791f4.jpg,train_f85c4d88d88791f4.jpg,5
train,bad4af105a2ac8c8.jpg,train_bad4af105a2ac8c8.jpg,1
train,059aefc0da21e534.jpg,train_059aefc0da21e534.jpg,4
train,b3a36a26ac8cba61.jpg,train_b3a36a26ac8cba61.jpg,2
train,b348e4cd2b2e877c.jpg,train_b348e4cd2b2e877c.jpg,4
train,d11077adbe9e1937.jpg,train_d11077adbe9e1937.jpg,1
train,b0b85d9a49189225.jpg,train_b0b85d9a49189225.jpg,25
train,0328e1c01b517c90.jpg,train_0328e1c01b517c90.jpg,12
train,01954759026d4f2c.jpg,train_01954759026d4f2c.jpg,15
train,3c524f54e8bbb869.jpg,train_3c524f54e8bbb869.jpg,5
train,5321ace122697d35.jpg,train_5321ace122697d35.jpg,1
train,eab97e62566e67c5.jpg,train_eab97e62566e67c5.jpg,3
train,1d40373b7cd386c9.jpg,train_1d40373b7cd386c9.jpg,1
train,964e29723ff627f2.jpg,train_964e29723ff627f2.jpg,1
train,5433b0ffdd23b899.jpg,train_5433b0ffdd23b899.jpg,1
train,d0dd3187b1203246.jpg,train_d0dd3187b1203246.jpg,13
train,0b1307eed0934fdb.jpg,train_0b1307eed0934fdb.jpg,5
train,1acb7dceeb173704.jpg,train_1acb7dceeb173704.jpg,1
train,978fd870577c5fbf.jpg,train_978fd870577c5fbf.jpg,1
train,c843717b0ad9622c.jpg,train_c843717b0ad9622c.jpg,1
train,8c41d384e7751745.jpg,train_8c41d384e7751745.jpg,2
train,64109537f5252f35.jpg,train_64109537f5252f35.jpg,4
train,117f05e1541a229a.jpg,train_117f05e1541a229a.jpg,2
train,de7a63a23d2b72c6.jpg,train_de7a63a23d2b72c6.jpg,4
train,055e90fd517e8c69.jpg,train_055e90fd517e8c69.jpg,2
train,a7874e7356bb5758.jpg,train_a7874e7356bb5758.jpg,5
train,f324be355b8a12da.jpg,train_f324be355b8a12da.jpg,1
train,2c5ed8ee0ba0ef24.jpg,train_2c5ed8ee0ba0ef24.jpg,2
train,0225f657e823c28d.jpg,train_0225f657e823c28d.jpg,12
train,e6ca98604b654de2.jpg,train_e6ca98604b654de2.jpg,1
train,1a3449a9878926c8.jpg,train_1a3449a9878926c8.jpg,1
train,01dcc10008a7b526.jpg,train_01dcc10008a7b526.jpg,1
train,a6a86cb75df468a7.jpg,train_a6a86cb75df468a7.jpg,1
train,60e69d4f00ce7700.jpg,train_60e69d4f00ce7700.jpg,5
train,606d973a2afef747.jpg,train_606d973a2afef747.jpg,2
train,0152d996c465a675.jpg,train_0152d996c465a675.jpg,3
train,5803b6a6b995b81a.jpg,train_5803b6a6b995b81a.jpg,1
train,436165e4def6f3b5.jpg,train_436165e4def6f3b5.jpg,1
train,a704972d832a1065.jpg,train_a704972d832a1065.jpg,2
train,1fee721c903e4afd.jpg,train_1fee721c903e4afd.jpg,10
train,90de877bf2da5b11.jpg,train_90de877bf2da5b11.jpg,7
train,db71056640321b7a.jpg,train_db71056640321b7a.jpg,1
train,8567350336a2af3b.jpg,train_8567350336a2af3b.jpg,1
train,b27071f831b05776.jpg,train_b27071f831b05776.jpg,1
train,558cca3f6a8e377f.jpg,train_558cca3f6a8e377f.jpg,3
train,3e1f634b2842e9bf.jpg,train_3e1f634b2842e9bf.jpg,1
train,3272217aaccd47be.jpg,train_3272217aaccd47be.jpg,1
train,110912166a3ba0fe.jpg,train_110912166a3ba0fe.jpg,1
train,39939fb56ad0d8d0.jpg,train_39939fb56ad0d8d0.jpg,3
train,768f7b1d76a0e950.jpg,train_768f7b1d76a0e950.jpg,1
train,e9384303e4b33033.jpg,train_e9384303e4b33033.jpg,3
train,0f88b4fb494382eb.jpg,train_0f88b4fb494382eb.jpg,4
train,e6c66785277f50b1.jpg,train_e6c66785277f50b1.jpg,5
train,f4d823d103445fa5.jpg,train_f4d823d103445fa5.jpg,1
train,006a11b61561170d.jpg,train_006a11b61561170d.jpg,3
train,789516dcffa60158.jpg,train_789516dcffa60158.jpg,8
train,06e30742052dc9e3.jpg,train_06e30742052dc9e3.jpg,6
train,15b3e8fba9b3c275.jpg,train_15b3e8fba9b3c275.jpg,3
train,0b4fb14282b26092.jpg,train_0b4fb14282b26092.jpg,15
train,7aefb0a315b8c2f2.jpg,train_7aefb0a315b8c2f2.jpg,14
train,d5c29de7478dc847.jpg,train_d5c29de7478dc847.jpg,3
train,678d1521a86b637d.jpg,train_678d1521a86b637d.jpg,1
train,0fdf757209e15c2e.jpg,train_0fdf757209e15c2e.jpg,3
train,b586a6f8bb814df6.jpg,train_b586a6f8bb814df6.jpg,3
train,aa2b0ccfa8d88126.jpg,train_aa2b0ccfa8d88126.jpg,1
train,2cf5f4d79792fed0.jpg,train_2cf5f4d79792fed0.jpg,5
train,7ba77e24a7092fd5.jpg,train_7ba77e24a7092fd5.jpg,1
train,d07e83a89af30734.jpg,train_d07e83a89af30734.jpg,30
train,9d6252c70868e41a.jpg,train_9d6252c70868e41a.jpg,1
train,8f99ff53f5673171.jpg,train_8f99ff53f5673171.jpg,29
train,ef63e75e1917aaeb.jpg,train_ef63e75e1917aaeb.jpg,1
train,284541ad10447f69.jpg,train_284541ad10447f69.jpg,2
train,d27a87b705863c38.jpg,train_d27a87b705863c38.jpg,2
train,b278b279b58a2a76.jpg,train_b278b279b58a2a76.jpg,2
train,07cce0add2ca32ef.jpg,train_07cce0add2ca32ef.jpg,4
train,54454c5c90ed6ed8.jpg,train_54454c5c90ed6ed8.jpg,1
train,917e84fe815dc8aa.jpg,train_917e84fe815dc8aa.jpg,1
train,0cd4daed6ebb4e3c.jpg,train_0cd4daed6ebb4e3c.jpg,1
train,40a054765279dc0e.jpg,train_40a054765279dc0e.jpg,1
train,f54089f03d2a810d.jpg,train_f54089f03d2a810d.jpg,5
train,1e227a9cca1a7a23.jpg,train_1e227a9cca1a7a23.jpg,19
train,7a89869fb89379ff.jpg,train_7a89869fb89379ff.jpg,1
train,f1978a71d55d361c.jpg,train_f1978a71d55d361c.jpg,2
train,958389d3eb53ef0f.jpg,train_958389d3eb53ef0f.jpg,4
train,e69ced7b05c88e30.jpg,train_e69ced7b05c88e30.jpg,1
train,1493fb4f92d21576.jpg,train_1493fb4f92d21576.jpg,1
train,9d66f10b427599bb.jpg,train_9d66f10b427599bb.jpg,5
train,bfc59457d1694c7c.jpg,train_bfc59457d1694c7c.jpg,1
train,5fecd433a20c8866.jpg,train_5fecd433a20c8866.jpg,6
train,ac191d421a52b876.jpg,train_ac191d421a52b876.jpg,1
train,2c7e5a0caf67087c.jpg,train_2c7e5a0caf67087c.jpg,28
train,963d75b4b5ebb65f.jpg,train_963d75b4b5ebb65f.jpg,1
train,614b3a87957860f7.jpg,train_614b3a87957860f7.jpg,1
train,4c55de32f6cd46ac.jpg,train_4c55de32f6cd46ac.jpg,2
train,3648b552b2b62d1c.jpg,train_3648b552b2b62d1c.jpg,2
train,1a480059693536fe.jpg,train_1a480059693536fe.jpg,2
train,0a662b4f161a1ef0.jpg,train_0a662b4f161a1ef0.jpg,3
train,7cc00bbdcc37e68e.jpg,train_7cc00bbdcc37e68e.jpg,8
train,7c6f3da7fa81fe2f.jpg,train_7c6f3da7fa81fe2f.jpg,1
train,b16b67ee8e524aec.jpg,train_b16b67ee8e524aec.jpg,29
train,be172dc37160f70a.jpg,train_be172dc37160f70a.jpg,6
train,217a31e844a8918b.jpg,train_217a31e844a8918b.jpg,1
train,39d9a3d54ee0a206.jpg,train_39d9a3d54ee0a206.jpg,1
train,e5281753b91899d5.jpg,train_e5281753b91899d5.jpg,2
train,da50ade6f488e1bc.jpg,train_da50ade6f488e1bc.jpg,3
train,5664294f45bd0d0b.jpg,train_5664294f45bd0d0b.jpg,1
train,40c06075296ba50c.jpg,train_40c06075296ba50c.jpg,2
train,f3ab10e02988b521.jpg,train_f3ab10e02988b521.jpg,2
train,93d46dbfc067351a.jpg,train_93d46dbfc067351a.jpg,1
train,ace76a74f673ad33.jpg,train_ace76a74f673ad33.jpg,2
train,3b948ee1ee200795.jpg,train_3b948ee1ee200795.jpg,3
train,0c54a5dc9cc261c6.jpg,train_0c54a5dc9cc261c6.jpg,1
train,dd3a47d472cb275f.jpg,train_dd3a47d472cb275f.jpg,5
train,07cb71579c076032.jpg,train_07cb71579c076032.jpg,1
train,2578a8c6f68072a0.jpg,train_2578a8c6f68072a0.jpg,2
train,b1d8d3267c9ba459.jpg,train_b1d8d3267c9ba459.jpg,10
train,63feb5ba253c2783.jpg,train_63feb5ba253c2783.jpg,3
train,d839e8e3d3d7f7c0.jpg,train_d839e8e3d3d7f7c0.jpg,2
train,97522d9c6a77ba6a.jpg,train_97522d9c6a77ba6a.jpg,11
train,6d648bece2415ded.jpg,train_6d648bece2415ded.jpg,1
train,d1096ab77ac24eb5.jpg,train_d1096ab77ac24eb5.jpg,1
train,ecf4322b16e44c9c.jpg,train_ecf4322b16e44c9c.jpg,5
train,0dca8b58536f9415.jpg,train_0dca8b58536f9415.jpg,2
train,a00803504ed93954.jpg,train_a00803504ed93954.jpg,3
train,09d4e84e829204cf.jpg,train_09d4e84e829204cf.jpg,1
train,7af92fec2062566a.jpg,train_7af92fec2062566a.jpg,2
train,fc63b8efb25c420b.jpg,train_fc63b8efb25c420b.jpg,24
train,a08291208ec434af.jpg,train_a08291208ec434af.jpg,1
train,7577c080cd7c7583.jpg,train_7577c080cd7c7583.jpg,2
train,dd05001e2da71793.jpg,train_dd05001e2da71793.jpg,1
train,13d404d28e5af3f1.jpg,train_13d404d28e5af3f1.jpg,2
train,90c8e83f6a5afbca.jpg,train_90c8e83f6a5afbca.jpg,1
train,5fbf47033daeafe1.jpg,train_5fbf47033daeafe1.jpg,1
train,edd319fdac21fb0f.jpg,train_edd319fdac21fb0f.jpg,9
train,b2876c429993e912.jpg,train_b2876c429993e912.jpg,3
train,1f4f9f1f9f04b607.jpg,train_1f4f9f1f9f04b607.jpg,1
train,409711cc9ce80e44.jpg,train_409711cc9ce80e44.jpg,1
train,e3b86ccec774a7c1.jpg,train_e3b86ccec774a7c1.jpg,3
train,fc1b52d52ee107eb.jpg,train_fc1b52d52ee107eb.jpg,5
train,f64251c2dc456c5c.jpg,train_f64251c2dc456c5c.jpg,4
train,0286ffb2d969895d.jpg,train_0286ffb2d969895d.jpg,1
train,0c95579310597c68.jpg,train_0c95579310597c68.jpg,2
train,aa2aa71541097e0d.jpg,train_aa2aa71541097e0d.jpg,1
train,b02bf96a39c948fc.jpg,train_b02bf96a39c948fc.jpg,2
train,d43d8e61e6ada9fb.jpg,train_d43d8e61e6ada9fb.jpg,2
train,3d3e0ff3ab741c4a.jpg,train_3d3e0ff3ab741c4a.jpg,4
train,9fb9f31a17fe299d.jpg,train_9fb9f31a17fe299d.jpg,7
train,1c31ccc45aa100c6.jpg,train_1c31ccc45aa100c6.jpg,3
train,5e079b5990c5ed44.jpg,train_5e079b5990c5ed44.jpg,4
train,de81363ad601cc92.jpg,train_de81363ad601cc92.jpg,2
train,435d5c2a3e77216d.jpg,train_435d5c2a3e77216d.jpg,2
train,2886cc247bb2abea.jpg,train_2886cc247bb2abea.jpg,2
train,baf556c0852f1676.jpg,train_baf556c0852f1676.jpg,6
train,f549fb299bdee069.jpg,train_f549fb299bdee069.jpg,3
train,680a07940294b74b.jpg,train_680a07940294b74b.jpg,26
train,f4e3b4220f06bb71.jpg,train_f4e3b4220f06bb71.jpg,6
train,95a95f28ced4961d.jpg,train_95a95f28ced4961d.jpg,1
train,3db7de814bd19210.jpg,train_3db7de814bd19210.jpg,3
train,06cf286a3c20b8fa.jpg,train_06cf286a3c20b8fa.jpg,1
train,c2607572cd3c40a7.jpg,train_c2607572cd3c40a7.jpg,8
train,057cfe2f7e98d282.jpg,train_057cfe2f7e98d282.jpg,2
train,fa7ccc2881d70c0b.jpg,train_fa7ccc2881d70c0b.jpg,1
train,1e9301173c8c2ecd.jpg,train_1e9301173c8c2ecd.jpg,1
train,6fc1ea8f68ad8bd8.jpg,train_6fc1ea8f68ad8bd8.jpg,1
train,3242bc87f2497003.jpg,train_3242bc87f2497003.jpg,1
train,168b44bd218faeec.jpg,train_168b44bd218faeec.jpg,5
train,1c085f392b2e00e6.jpg,train_1c085f392b2e00e6.jpg,4
train,fcfee8500d350a45.jpg,train_fcfee8500d350a45.jpg,4
train,7c60828f4ecad952.jpg,train_7c60828f4ecad952.jpg,2
train,9e2fc320e796e367.jpg,train_9e2fc320e796e367.jpg,1
train,85430b011930c4fa.jpg,train_85430b011930c4fa.jpg,6
train,4de8f9517ac56deb.jpg,train_4de8f9517ac56deb.jpg,3
train,a971645ebfa47679.jpg,train_a971645ebfa47679.jpg,1
train,143bd0af2d62fb53.jpg,train_143bd0af2d62fb53.jpg,20
train,329a3f5c4c3a308b.jpg,train_329a3f5c4c3a308b.jpg,3
train,23cfbb0f2aea28d5.jpg,train_23cfbb0f2aea28d5.jpg,3
train,01fc81cee842a131.jpg,train_01fc81cee842a131.jpg,1
train,f9713f596496c5b2.jpg,train_f9713f596496c5b2.jpg,1
train,6f7974825d80fed6.jpg,train_6f7974825d80fed6.jpg,1
train,702ce2dfbc1ca247.jpg,train_702ce2dfbc1ca247.jpg,3
train,27db1c01db71a93e.jpg,train_27db1c01db71a93e.jpg,3
train,14b6cb84472d49b2.jpg,train_14b6cb84472d49b2.jpg,1
train,01087e7caaddccc7.jpg,train_01087e7caaddccc7.jpg,1
train,44503de85ddd9789.jpg,train_44503de85ddd9789.jpg,2
train,2b5cdeb5ac97f5bd.jpg,train_2b5cdeb5ac97f5bd.jpg,1
train,e64c69f571009d48.jpg,train_e64c69f571009d48.jpg,7
train,fdd2f585606c6d50.jpg,train_fdd2f585606c6d50.jpg,1
train,8a08d961c224c88e.jpg,train_8a08d961c224c88e.jpg,1
train,b622eb0080bfdec6.jpg,train_b622eb0080bfdec6.jpg,1
train,f43c7dc47db00db7.jpg,train_f43c7dc47db00db7.jpg,1
train,7aa3cfe1823b1849.jpg,train_7aa3cfe1823b1849.jpg,1
train,babfedfc8db672d6.jpg,train_babfedfc8db672d6.jpg,1
train,431956535b3369c1.jpg,train_431956535b3369c1.jpg,2
train,36b5707f7e5fcb88.jpg,train_36b5707f7e5fcb88.jpg,1
train,ac0443a3c72aa91e.jpg,train_ac0443a3c72aa91e.jpg,1
train,79379a330d5dcb2a.jpg,train_79379a330d5dcb2a.jpg,4
train,8ca126639fb2bbc0.jpg,train_8ca126639fb2bbc0.jpg,3
train,e652480414b001be.jpg,train_e652480414b001be.jpg,1
train,c5849a2e283aec22.jpg,train_c5849a2e283aec22.jpg,1
train,c2dad9756721d28c.jpg,train_c2dad9756721d28c.jpg,1
train,024e75d0c45616a8.jpg,train_024e75d0c45616a8.jpg,7
train,084723607f56c2c7.jpg,train_084723607f56c2c7.jpg,5
train,f7ba616248b5f13e.jpg,train_f7ba616248b5f13e.jpg,2
train,7d1f8032280a2a14.jpg,train_7d1f8032280a2a14.jpg,2
train,1737305e60866f9e.jpg,train_1737305e60866f9e.jpg,4
train,5461ba4702169902.jpg,train_5461ba4702169902.jpg,7
train,3523a6716c077060.jpg,train_3523a6716c077060.jpg,3
train,2c591fda37a0762e.jpg,train_2c591fda37a0762e.jpg,1
train,5a04011ca38c203e.jpg,train_5a04011ca38c203e.jpg,2
train,76f895318cd7188b.jpg,train_76f895318cd7188b.jpg,3
train,faea7e2aa3c93911.jpg,train_faea7e2aa3c93911.jpg,2
train,2c66335eeb2a7897.jpg,train_2c66335eeb2a7897.jpg,1
train,d3b00bdded0c4176.jpg,train_d3b00bdded0c4176.jpg,1
train,aed6213c0fb64da4.jpg,train_aed6213c0fb64da4.jpg,7
train,631aa9cf2d889e3d.jpg,train_631aa9cf2d889e3d.jpg,1
train,4a1148bad49d984f.jpg,train_4a1148bad49d984f.jpg,1
train,6cd97c5badd648a3.jpg,train_6cd97c5badd648a3.jpg,2
train,5f7eb48ded9fcf38.jpg,train_5f7eb48ded9fcf38.jpg,5
train,3a021e80c7d559ae.jpg,train_3a021e80c7d559ae.jpg,2
train,3fa9a4c35def791f.jpg,train_3fa9a4c35def791f.jpg,3
train,e342d9d9f74cf6ae.jpg,train_e342d9d9f74cf6ae.jpg,7
train,c32a7500c155fe42.jpg,train_c32a7500c155fe42.jpg,4
train,2f25cde35d1dfcef.jpg,train_2f25cde35d1dfcef.jpg,1
train,e10c10705a48a344.jpg,train_e10c10705a48a344.jpg,5
train,17004db9a8f34420.jpg,train_17004db9a8f34420.jpg,1
train,70b1622f09482c7e.jpg,train_70b1622f09482c7e.jpg,2
train,de18dc4002566e8f.jpg,train_de18dc4002566e8f.jpg,2
train,96dd89a84573527b.jpg,train_96dd89a84573527b.jpg,2
train,1f7b6252d623e4fa.jpg,train_1f7b6252d623e4fa.jpg,4
train,945a232ea5067a28.jpg,train_945a232ea5067a28.jpg,1
train,58dc27c96ac04d3f.jpg,train_58dc27c96ac04d3f.jpg,1
train,ae756b4428eba53e.jpg,train_ae756b4428eba53e.jpg,3
train,be3c00804d857dd2.jpg,train_be3c00804d857dd2.jpg,2
train,347cc28efb8d41df.jpg,train_347cc28efb8d41df.jpg,3
train,defda9cf2f472a94.jpg,train_defda9cf2f472a94.jpg,1
train,0d51e3380c0ddde0.jpg,train_0d51e3380c0ddde0.jpg,4
train,729f261e574dde87.jpg,train_729f261e574dde87.jpg,1
train,70719750b8519235.jpg,train_70719750b8519235.jpg,1
train,d3a5c7ac4f5ee21a.jpg,train_d3a5c7ac4f5ee21a.jpg,4
train,9b78e56eeaca76a5.jpg,train_9b78e56eeaca76a5.jpg,4
train,7417e999139d121c.jpg,train_7417e999139d121c.jpg,1
train,01aedba1a0a76f20.jpg,train_01aedba1a0a76f20.jpg,4
train,026fd9ac9f553bd3.jpg,train_026fd9ac9f553bd3.jpg,5
train,b31ff346c151bf55.jpg,train_b31ff346c151bf55.jpg,1
train,e40a96f94528e43b.jpg,train_e40a96f94528e43b.jpg,4
train,9ab9b62c56a107e8.jpg,train_9ab9b62c56a107e8.jpg,3
train,03acc7e6493a3763.jpg,train_03acc7e6493a3763.jpg,7
train,00f76f318b161858.jpg,train_00f76f318b161858.jpg,1
train,d3cb19b6f0fae558.jpg,train_d3cb19b6f0fae558.jpg,3
train,b9d2b6c3b5fcdea8.jpg,train_b9d2b6c3b5fcdea8.jpg,6
train,23972e9637613a28.jpg,train_23972e9637613a28.jpg,4
train,4cd8fbb8003e3731.jpg,train_4cd8fbb8003e3731.jpg,3
train,2a470da9213eeba0.jpg,train_2a470da9213eeba0.jpg,1
train,b8e45481f8d5c306.jpg,train_b8e45481f8d5c306.jpg,2
train,34d99b0425c53d91.jpg,train_34d99b0425c53d91.jpg,1
train,8a20ecbf6fab5ab2.jpg,train_8a20ecbf6fab5ab2.jpg,4
train,c64dc33757de8401.jpg,train_c64dc33757de8401.jpg,2
train,1b166a86753212b9.jpg,train_1b166a86753212b9.jpg,1
train,33215f9d1abfead2.jpg,train_33215f9d1abfead2.jpg,4
train,9961fbf25a6592ca.jpg,train_9961fbf25a6592ca.jpg,4
train,2639b6ee4d21cf81.jpg,train_2639b6ee4d21cf81.jpg,17
train,ae6ae1e5a3b2d30a.jpg,train_ae6ae1e5a3b2d30a.jpg,4
train,f830f70c58f9380c.jpg,train_f830f70c58f9380c.jpg,6
train,561dc2e6a407d384.jpg,train_561dc2e6a407d384.jpg,2
train,dca4b815ec1fab8f.jpg,train_dca4b815ec1fab8f.jpg,1
train,4eb58ce27c0388b6.jpg,train_4eb58ce27c0388b6.jpg,1
train,068ea1b9ee1a9827.jpg,train_068ea1b9ee1a9827.jpg,1
train,69e9b44160a5cc19.jpg,train_69e9b44160a5cc19.jpg,1
train,452589aa9bdc9d00.jpg,train_452589aa9bdc9d00.jpg,1
train,017795e4594eb410.jpg,train_017795e4594eb410.jpg,1
train,88bb9edfffb4f82f.jpg,train_88bb9edfffb4f82f.jpg,9
train,e1ef6aaba0323b90.jpg,train_e1ef6aaba0323b90.jpg,2
train,13378f5d8f519f7a.jpg,train_13378f5d8f519f7a.jpg,4
train,493ae296ac7c65c1.jpg,train_493ae296ac7c65c1.jpg,8
train,34bbde982cf3b27c.jpg,train_34bbde982cf3b27c.jpg,1
train,6df1f6ffb8b04113.jpg,train_6df1f6ffb8b04113.jpg,3
train,018f64e94e5a3dd8.jpg,train_018f64e94e5a3dd8.jpg,6
train,cb9723c9a1f4656e.jpg,train_cb9723c9a1f4656e.jpg,4
train,900c0b17066b07e5.jpg,train_900c0b17066b07e5.jpg,2
train,290f3c5fb1632b31.jpg,train_290f3c5fb1632b31.jpg,19
train,7a98de9d6512b4f2.jpg,train_7a98de9d6512b4f2.jpg,2
train,5cad4ff5dd3295ba.jpg,train_5cad4ff5dd3295ba.jpg,1
train,1d2e17b088135388.jpg,train_1d2e17b088135388.jpg,1
train,8f6ab337734ce527.jpg,train_8f6ab337734ce527.jpg,2
train,d054a74186e08326.jpg,train_d054a74186e08326.jpg,10
train,c6a0511042895b18.jpg,train_c6a0511042895b18.jpg,2
train,2d9fd68f493b5351.jpg,train_2d9fd68f493b5351.jpg,9
train,37fde46882218f70.jpg,train_37fde46882218f70.jpg,1
train,e75607cd749f32ef.jpg,train_e75607cd749f32ef.jpg,2
train,bfb46fc75a1bcf05.jpg,train_bfb46fc75a1bcf05.jpg,3
train,41855b20ad1c8cd5.jpg,train_41855b20ad1c8cd5.jpg,12
train,010394523a36d0e3.jpg,train_010394523a36d0e3.jpg,2
train,437dbd3980c115b6.jpg,train_437dbd3980c115b6.jpg,2
train,db8330b5afc10bee.jpg,train_db8330b5afc10bee.jpg,1
train,1a8f157f143e674b.jpg,train_1a8f157f143e674b.jpg,1
train,043aa217f212fb86.jpg,train_043aa217f212fb86.jpg,6
train,4b3232cc0d270de5.jpg,train_4b3232cc0d270de5.jpg,4
train,572be5234a1f823e.jpg,train_572be5234a1f823e.jpg,1
train,c1aa40a20ddec05f.jpg,train_c1aa40a20ddec05f.jpg,9
train,fd27b169e75b6555.jpg,train_fd27b169e75b6555.jpg,2
train,49ea036e637840db.jpg,train_49ea036e637840db.jpg,2
train,ab8236c0ccf4221c.jpg,train_ab8236c0ccf4221c.jpg,1
train,f2eb05fb3fbbcba4.jpg,train_f2eb05fb3fbbcba4.jpg,20
train,d90da6c33f430dff.jpg,train_d90da6c33f430dff.jpg,4
train,11a7229c604e4f63.jpg,train_11a7229c604e4f63.jpg,25
train,421b5c0110aa25d7.jpg,train_421b5c0110aa25d7.jpg,5
train,1ea41b2755a4e36d.jpg,train_1ea41b2755a4e36d.jpg,10
train,116c10f0f77f7316.jpg,train_116c10f0f77f7316.jpg,3
train,e1a2f447154b2295.jpg,train_e1a2f447154b2295.jpg,1
train,d83de36619b8268a.jpg,train_d83de36619b8268a.jpg,3
train,ea536480d5f187a9.jpg,train_ea536480d5f187a9.jpg,5
train,ebe24324f9f57700.jpg,train_ebe24324f9f57700.jpg,1
train,7fb7975b2898763f.jpg,train_7fb7975b2898763f.jpg,7
train,aeb4748fb346ff81.jpg,train_aeb4748fb346ff81.jpg,13
train,f2a50dc114e587df.jpg,train_f2a50dc114e587df.jpg,1
train,c5e05608e00f6728.jpg,train_c5e05608e00f6728.jpg,1
train,0593ef4ed215a040.jpg,train_0593ef4ed215a040.jpg,6
train,517b67f9a32f855a.jpg,train_517b67f9a32f855a.jpg,1
train,2947ae7aaca09306.jpg,train_2947ae7aaca09306.jpg,1
train,b7b0940516d77086.jpg,train_b7b0940516d77086.jpg,1
train,5c22104320dbcaaf.jpg,train_5c22104320dbcaaf.jpg,1
train,66d6dcdc75b3818e.jpg,train_66d6dcdc75b3818e.jpg,4
train,ab78fa3d60ee01f8.jpg,train_ab78fa3d60ee01f8.jpg,2
train,221314b7ddefb6cc.jpg,train_221314b7ddefb6cc.jpg,1
train,25c08d2f02c21665.jpg,train_25c08d2f02c21665.jpg,22
train,de40062ded8af6a1.jpg,train_de40062ded8af6a1.jpg,1
train,decc5fa2d818989f.jpg,train_decc5fa2d818989f.jpg,1
train,12b45b465e07aaae.jpg,train_12b45b465e07aaae.jpg,5
train,5323fc007be00633.jpg,train_5323fc007be00633.jpg,1
train,b1a71245887979b8.jpg,train_b1a71245887979b8.jpg,9
train,4e3bc47079ac0234.jpg,train_4e3bc47079ac0234.jpg,1
train,61b306be9249a6c9.jpg,train_61b306be9249a6c9.jpg,1
train,cfe7401dbbd94f11.jpg,train_cfe7401dbbd94f11.jpg,2
train,31d99aed9ccbaeb1.jpg,train_31d99aed9ccbaeb1.jpg,8
train,bca5bf318ab4d186.jpg,train_bca5bf318ab4d186.jpg,2
train,6f04da11945ea492.jpg,train_6f04da11945ea492.jpg,1
train,be572e06c15bf523.jpg,train_be572e06c15bf523.jpg,2
train,92d117700f94ea3a.jpg,train_92d117700f94ea3a.jpg,1
train,0ebed6f093c7cfcf.jpg,train_0ebed6f093c7cfcf.jpg,2
train,54fb7ee73c926bc0.jpg,train_54fb7ee73c926bc0.jpg,1
train,0c8f08e5a6033375.jpg,train_0c8f08e5a6033375.jpg,6
train,a413e70a6076b0b5.jpg,train_a413e70a6076b0b5.jpg,15
train,6e884856b3905c7f.jpg,train_6e884856b3905c7f.jpg,1
train,c028f46e8e516b85.jpg,train_c028f46e8e516b85.jpg,1
train,5680f13edf1b4d41.jpg,train_5680f13edf1b4d41.jpg,2
train,652c996f10c3cdcd.jpg,train_652c996f10c3cdcd.jpg,8
train,14df215a8e29ac42.jpg,train_14df215a8e29ac42.jpg,3
train,ec23dd8fb3be54aa.jpg,train_ec23dd8fb3be54aa.jpg,1
train,f049fa6175bffc4d.jpg,train_f049fa6175bffc4d.jpg,1
train,afa2a82bad0bf890.jpg,train_afa2a82bad0bf890.jpg,3
train,0035ea973a26443e.jpg,train_0035ea973a26443e.jpg,1
train,a6874c7046a72b76.jpg,train_a6874c7046a72b76.jpg,2
train,211be5b7c92842db.jpg,train_211be5b7c92842db.jpg,1
train,f4c61d03bbf946c5.jpg,train_f4c61d03bbf946c5.jpg,1
train,5f1d8396c102251f.jpg,train_5f1d8396c102251f.jpg,2
train,f6568ac31495d611.jpg,train_f6568ac31495d611.jpg,1
train,188333b6231216b1.jpg,train_188333b6231216b1.jpg,2
train,71ebfa528c170061.jpg,train_71ebfa528c170061.jpg,4
train,4af8e8934922ade5.jpg,train_4af8e8934922ade5.jpg,1
train,f6185f522908662a.jpg,train_f6185f522908662a.jpg,1
train,f3e33ba17ff5fda8.jpg,train_f3e33ba17ff5fda8.jpg,2
train,7aa65c12ce69a427.jpg,train_7aa65c12ce69a427.jpg,5
train,58e995dfea6fa00b.jpg,train_58e995dfea6fa00b.jpg,4
train,b313eb25f6943875.jpg,train_b313eb25f6943875.jpg,13
train,02c3f36741307b7b.jpg,train_02c3f36741307b7b.jpg,1
train,cf39a849786ab921.jpg,train_cf39a849786ab921.jpg,4
train,110c615bacaca775.jpg,train_110c615bacaca775.jpg,3
train,194e4b21a8264d66.jpg,train_194e4b21a8264d66.jpg,2
train,1e1b6be712f6170e.jpg,train_1e1b6be712f6170e.jpg,2
train,302c0683a5c3a782.jpg,train_302c0683a5c3a782.jpg,7
train,d06d2a30d5f79400.jpg,train_d06d2a30d5f79400.jpg,3
train,cbae7e589e9fd136.jpg,train_cbae7e589e9fd136.jpg,1
train,34a62dd03b67204f.jpg,train_34a62dd03b67204f.jpg,1
train,b9dd98fe443dfc72.jpg,train_b9dd98fe443dfc72.jpg,6
train,7ed4a7cb2f83d07b.jpg,train_7ed4a7cb2f83d07b.jpg,4
train,63c1acdfcf454fd2.jpg,train_63c1acdfcf454fd2.jpg,2
train,2b7acced9c6c9ff4.jpg,train_2b7acced9c6c9ff4.jpg,1
train,069ec3b2a7f05d60.jpg,train_069ec3b2a7f05d60.jpg,10
train,13f95ab073c0fbc6.jpg,train_13f95ab073c0fbc6.jpg,4
train,d7289e075f282c33.jpg,train_d7289e075f282c33.jpg,3
train,9275a838b214ff1d.jpg,train_9275a838b214ff1d.jpg,1
train,d8c25c7ea1499ae9.jpg,train_d8c25c7ea1499ae9.jpg,8
train,83f35b634a25ffbd.jpg,train_83f35b634a25ffbd.jpg,2
train,a9b7f3d056b4a656.jpg,train_a9b7f3d056b4a656.jpg,1
train,f5bb0737ce1e0c5c.jpg,train_f5bb0737ce1e0c5c.jpg,1
train,3273c1aa637a857b.jpg,train_3273c1aa637a857b.jpg,2
train,7a2fe80b5ae04801.jpg,train_7a2fe80b5ae04801.jpg,3
train,fb6f5eed25b31165.jpg,train_fb6f5eed25b31165.jpg,3
train,ea7cff7b888c35f7.jpg,train_ea7cff7b888c35f7.jpg,1
train,a4a9417e054ffcde.jpg,train_a4a9417e054ffcde.jpg,2
train,2c36f984d517e4c2.jpg,train_2c36f984d517e4c2.jpg,1
train,2f424cb1f6d825e9.jpg,train_2f424cb1f6d825e9.jpg,5
train,0000f2101250b009.jpg,train_0000f2101250b009.jpg,4
train,6d4116fd2f21d15e.jpg,train_6d4116fd2f21d15e.jpg,4
train,499637f877edd1b3.jpg,train_499637f877edd1b3.jpg,2
train,2e7bee16aeae5b8d.jpg,train_2e7bee16aeae5b8d.jpg,4
train,70e213165ca2a29a.jpg,train_70e213165ca2a29a.jpg,4
train,7b8f2cc914677285.jpg,train_7b8f2cc914677285.jpg,1
train,fe56b938adfdae26.jpg,train_fe56b938adfdae26.jpg,1
train,f84582b7e39ce639.jpg,train_f84582b7e39ce639.jpg,5
train,4cceab6698c5275b.jpg,train_4cceab6698c5275b.jpg,2
train,d1be848fa07286ee.jpg,train_d1be848fa07286ee.jpg,1
train,a5dbbdebe9423870.jpg,train_a5dbbdebe9423870.jpg,1
train,b127d245e2df0ff6.jpg,train_b127d245e2df0ff6.jpg,4
train,2d25192220ef311d.jpg,train_2d25192220ef311d.jpg,2
train,d3319a6ae77b93e3.jpg,train_d3319a6ae77b93e3.jpg,1
train,f730ef598b4c590c.jpg,train_f730ef598b4c590c.jpg,3
train,4a007a150f528c33.jpg,train_4a007a150f528c33.jpg,1
train,cb08c6eaa015ac24.jpg,train_cb08c6eaa015ac24.jpg,4
train,3019c005a0408626.jpg,train_3019c005a0408626.jpg,1
train,620edaa9a69c214e.jpg,train_620edaa9a69c214e.jpg,6
train,b602bd73fdfd6b25.jpg,train_b602bd73fdfd6b25.jpg,4
train,0cbb73b784621346.jpg,train_0cbb73b784621346.jpg,1
train,b0f574f800347101.jpg,train_b0f574f800347101.jpg,1
train,933f97d7e279e086.jpg,train_933f97d7e279e086.jpg,1
train,ec83c0b389bbbeaf.jpg,train_ec83c0b389bbbeaf.jpg,1
train,e10c2c0210cc19c6.jpg,train_e10c2c0210cc19c6.jpg,2
train,8965d187ad63b3c5.jpg,train_8965d187ad63b3c5.jpg,2
train,97a5a24dd2ee360b.jpg,train_97a5a24dd2ee360b.jpg,5
train,d51859d8f551bea4.jpg,train_d51859d8f551bea4.jpg,2
train,3c81053e59aa3fc3.jpg,train_3c81053e59aa3fc3.jpg,2
train,18934359ed160030.jpg,train_18934359ed160030.jpg,8
train,8b472fc63171b9c5.jpg,train_8b472fc63171b9c5.jpg,1
train,6acd0ad35874b50c.jpg,train_6acd0ad35874b50c.jpg,7
train,667a9ed793ef6b22.jpg,train_667a9ed793ef6b22.jpg,18
train,e4fb28eea2fa1596.jpg,train_e4fb28eea2fa1596.jpg,1
train,93254043014f7268.jpg,train_93254043014f7268.jpg,6
train,ab7472c72b1b9ed3.jpg,train_ab7472c72b1b9ed3.jpg,2
train,24655ea0892c4e37.jpg,train_24655ea0892c4e37.jpg,1
train,c31b5c093e51b089.jpg,train_c31b5c093e51b089.jpg,1
train,ec48462e0f37fa2f.jpg,train_ec48462e0f37fa2f.jpg,3
train,42cd21bc4d7c812d.jpg,train_42cd21bc4d7c812d.jpg,10
train,a9168c91134052b0.jpg,train_a9168c91134052b0.jpg,1
train,62aa87f7ed495b66.jpg,train_62aa87f7ed495b66.jpg,4
train,7a2cb96c4c7decec.jpg,train_7a2cb96c4c7decec.jpg,2
train,504a69ef2a09b1dc.jpg,train_504a69ef2a09b1dc.jpg,16
train,b7bd494168cdf146.jpg,train_b7bd494168cdf146.jpg,4
train,3641d9effde692e9.jpg,train_3641d9effde692e9.jpg,1
train,4ff60ea161e36885.jpg,train_4ff60ea161e36885.jpg,4
train,75c6eb0c89a0c4d1.jpg,train_75c6eb0c89a0c4d1.jpg,1
train,d228d14223259903.jpg,train_d228d14223259903.jpg,3
train,f5071e18f134e674.jpg,train_f5071e18f134e674.jpg,1
train,b36fe50f9121cfb1.jpg,train_b36fe50f9121cfb1.jpg,2
train,728973632173c0ce.jpg,train_728973632173c0ce.jpg,1
train,156e07a3fd6ee7bb.jpg,train_156e07a3fd6ee7bb.jpg,1
train,b84bfc056a58596b.jpg,train_b84bfc056a58596b.jpg,3
train,afdf2d05eb79aefe.jpg,train_afdf2d05eb79aefe.jpg,1
train,01881dc13c8c2c08.jpg,train_01881dc13c8c2c08.jpg,2
train,33f890fd4673fd60.jpg,train_33f890fd4673fd60.jpg,6
train,d1117ca8c4d006bf.jpg,train_d1117ca8c4d006bf.jpg,1
train,8eecfb587478a22e.jpg,train_8eecfb587478a22e.jpg,7
train,47f46e5fa31b6ef2.jpg,train_47f46e5fa31b6ef2.jpg,2
train,629b605db38af6bd.jpg,train_629b605db38af6bd.jpg,3
train,81ad43761d161520.jpg,train_81ad43761d161520.jpg,15
train,37a329d8db71fd1e.jpg,train_37a329d8db71fd1e.jpg,4
train,ce5da35c35ca2d21.jpg,train_ce5da35c35ca2d21.jpg,1
train,04fe426c33044ddd.jpg,train_04fe426c33044ddd.jpg,2
train,d0acdad88f2c381b.jpg,train_d0acdad88f2c381b.jpg,2
train,3373d387b9bb95e4.jpg,train_3373d387b9bb95e4.jpg,4
train,47801866c751d3b0.jpg,train_47801866c751d3b0.jpg,7
train,186844ca87cc101b.jpg,train_186844ca87cc101b.jpg,3
train,87ca46cbcda581df.jpg,train_87ca46cbcda581df.jpg,2
train,012a0b9d970e0016.jpg,train_012a0b9d970e0016.jpg,6
train,e91017a0cd9a41c7.jpg,train_e91017a0cd9a41c7.jpg,3
train,1e49a375da6b7e68.jpg,train_1e49a375da6b7e68.jpg,1
train,2f75198cbdc18be8.jpg,train_2f75198cbdc18be8.jpg,5
train,3730734633cae454.jpg,train_3730734633cae454.jpg,2
train,dd39d35b34f0f661.jpg,train_dd39d35b34f0f661.jpg,9
train,19b3233744a268d8.jpg,train_19b3233744a268d8.jpg,6
train,1d53c7cc8e79a39c.jpg,train_1d53c7cc8e79a39c.jpg,7
train,57ddea7acfaa2f2d.jpg,train_57ddea7acfaa2f2d.jpg,4
train,e438bab4d292c917.jpg,train_e438bab4d292c917.jpg,1
train,4213aa947e58fa6c.jpg,train_4213aa947e58fa6c.jpg,18
train,0a0f165d0d4b3c66.jpg,train_0a0f165d0d4b3c66.jpg,3
train,9567f7390f4efc70.jpg,train_9567f7390f4efc70.jpg,2
train,f5d846661a642521.jpg,train_f5d846661a642521.jpg,2
train,27e93c8f11fcd643.jpg,train_27e93c8f11fcd643.jpg,2
train,d22137eb11c081b2.jpg,train_d22137eb11c081b2.jpg,1
train,9dd3bbce1cfee402.jpg,train_9dd3bbce1cfee402.jpg,1
train,ed3750135d2e973f.jpg,train_ed3750135d2e973f.jpg,1
train,4a74beaa506e9e18.jpg,train_4a74beaa506e9e18.jpg,6
train,341fbe730d29b139.jpg,train_341fbe730d29b139.jpg,5
train,9e0d22368597a269.jpg,train_9e0d22368597a269.jpg,4
train,15ae430e6e976703.jpg,train_15ae430e6e976703.jpg,2
train,013ca824f09e56fb.jpg,train_013ca824f09e56fb.jpg,2
train,4aa7405c9494fe2e.jpg,train_4aa7405c9494fe2e.jpg,2
train,14f0a0e717b1b121.jpg,train_14f0a0e717b1b121.jpg,11
train,1327e150836665bb.jpg,train_1327e150836665bb.jpg,10
train,cadbf21bc794ce2b.jpg,train_cadbf21bc794ce2b.jpg,1
train,c8823927e1ff8a0a.jpg,train_c8823927e1ff8a0a.jpg,31
train,7c2660c9c7eec3cf.jpg,train_7c2660c9c7eec3cf.jpg,2
train,ca330112c082c9a6.jpg,train_ca330112c082c9a6.jpg,3
train,6f22c92d7bbf67e6.jpg,train_6f22c92d7bbf67e6.jpg,2
train,d4c41e29687265cc.jpg,train_d4c41e29687265cc.jpg,1
train,0908298e300b82ec.jpg,train_0908298e300b82ec.jpg,8
train,8a0b82a850ff5a6e.jpg,train_8a0b82a850ff5a6e.jpg,3
train,d077b69a162ce324.jpg,train_d077b69a162ce324.jpg,1
train,8f68a4299f6fd2a8.jpg,train_8f68a4299f6fd2a8.jpg,3
train,f2815fa84cde459d.jpg,train_f2815fa84cde459d.jpg,1
train,39fd959e90f4961b.jpg,train_39fd959e90f4961b.jpg,1
train,ba04ba5db9c17ad1.jpg,train_ba04ba5db9c17ad1.jpg,1
train,3cb011627111ca08.jpg,train_3cb011627111ca08.jpg,1
train,2ffb58f8728f89a8.jpg,train_2ffb58f8728f89a8.jpg,1
train,0282a01261c10c3a.jpg,train_0282a01261c10c3a.jpg,3
train,eab9eccd7d5367e9.jpg,train_eab9eccd7d5367e9.jpg,2
train,fa39bfccbb5e997c.jpg,train_fa39bfccbb5e997c.jpg,6
train,112c09260214deea.jpg,train_112c09260214deea.jpg,1
train,6daff2fefcabf2a8.jpg,train_6daff2fefcabf2a8.jpg,9
train,7394b3cab1f5125b.jpg,train_7394b3cab1f5125b.jpg,1
train,b2fd591a1801ac88.jpg,train_b2fd591a1801ac88.jpg,3
train,020c31d74f95fec2.jpg,train_020c31d74f95fec2.jpg,4
train,6c620451f6aa9128.jpg,train_6c620451f6aa9128.jpg,1
train,114a49f6cc03b983.jpg,train_114a49f6cc03b983.jpg,1
train,90eefef71b310f77.jpg,train_90eefef71b310f77.jpg,9
train,cfede731a9ba5c88.jpg,train_cfede731a9ba5c88.jpg,4
train,f3187a3396f3d246.jpg,train_f3187a3396f3d246.jpg,2
train,b4bf70cebff95946.jpg,train_b4bf70cebff95946.jpg,1
train,6f40e596c5d1ae81.jpg,train_6f40e596c5d1ae81.jpg,1
train,4ea0166aa5987b56.jpg,train_4ea0166aa5987b56.jpg,1
train,95bcd29ffb73b5d9.jpg,train_95bcd29ffb73b5d9.jpg,1
train,6d97f958cd6abb8e.jpg,train_6d97f958cd6abb8e.jpg,6
train,51abb142cd2a2635.jpg,train_51abb142cd2a2635.jpg,1
train,9f5b3cbb917e6760.jpg,train_9f5b3cbb917e6760.jpg,1
train,1300ca5175413dad.jpg,train_1300ca5175413dad.jpg,1
train,26d596b3c806f4f8.jpg,train_26d596b3c806f4f8.jpg,1
train,808953078fa2e25a.jpg,train_808953078fa2e25a.jpg,3
train,0e7abb3b42e3cca5.jpg,train_0e7abb3b42e3cca5.jpg,4
train,a7466693f2c927b4.jpg,train_a7466693f2c927b4.jpg,2
train,343fa8cd04ef3d01.jpg,train_343fa8cd04ef3d01.jpg,1
train,002f7a227bbfafcd.jpg,train_002f7a227bbfafcd.jpg,2
train,02aa7d44b844d1f3.jpg,train_02aa7d44b844d1f3.jpg,22
train,ece42448c1a3fbd4.jpg,train_ece42448c1a3fbd4.jpg,1
train,c58cd07cc920797d.jpg,train_c58cd07cc920797d.jpg,5
train,ac8efa20cda606c2.jpg,train_ac8efa20cda606c2.jpg,5
train,074ebc28087a1e14.jpg,train_074ebc28087a1e14.jpg,3
train,033bc25d5f672d9e.jpg,train_033bc25d5f672d9e.jpg,1
train,e18a353cbd16fc3a.jpg,train_e18a353cbd16fc3a.jpg,8
train,5ce35f44ef9c4df5.jpg,train_5ce35f44ef9c4df5.jpg,5
train,61bbabb2dca1bb63.jpg,train_61bbabb2dca1bb63.jpg,9
train,b01212c8c33517e0.jpg,train_b01212c8c33517e0.jpg,1
train,7f92c7f1ff4d316f.jpg,train_7f92c7f1ff4d316f.jpg,1
train,904957c7dd999136.jpg,train_904957c7dd999136.jpg,10
train,1a56342f9ceda840.jpg,train_1a56342f9ceda840.jpg,4
train,35ed3ee96df95fbe.jpg,train_35ed3ee96df95fbe.jpg,10
train,989c3229b917240d.jpg,train_989c3229b917240d.jpg,2
train,1b04c646c5edbddc.jpg,train_1b04c646c5edbddc.jpg,1
train,79ec8955c339ce61.jpg,train_79ec8955c339ce61.jpg,14
train,2b0a617f8574df0c.jpg,train_2b0a617f8574df0c.jpg,1
train,28b5e0dd0c312173.jpg,train_28b5e0dd0c312173.jpg,5
train,120110fb96a580d4.jpg,train_120110fb96a580d4.jpg,13
train,6db69ca68c88be15.jpg,train_6db69ca68c88be15.jpg,13
train,9f96709697b2bb1d.jpg,train_9f96709697b2bb1d.jpg,1
train,09e06de9963532c0.jpg,train_09e06de9963532c0.jpg,1
train,e3843b901c952c26.jpg,train_e3843b901c952c26.jpg,3
train,274cc2e49fc44f43.jpg,train_274cc2e49fc44f43.jpg,2
train,0ed2284ce7dae979.jpg,train_0ed2284ce7dae979.jpg,2
train,092287a7711c9570.jpg,train_092287a7711c9570.jpg,1
train,8929048306994627.jpg,train_8929048306994627.jpg,1
train,2de221dcf14d7b89.jpg,train_2de221dcf14d7b89.jpg,1
train,6dee11a0f35d24e0.jpg,train_6dee11a0f35d24e0.jpg,3
train,b13a38891c446fba.jpg,train_b13a38891c446fba.jpg,1
train,8a1d47ef9035c943.jpg,train_8a1d47ef9035c943.jpg,1
train,00748204b61c5399.jpg,train_00748204b61c5399.jpg,1
train,f86ebc3cf057717f.jpg,train_f86ebc3cf057717f.jpg,2
train,d3a0376983e36440.jpg,train_d3a0376983e36440.jpg,2
train,d68b46aae5b8ddd7.jpg,train_d68b46aae5b8ddd7.jpg,8
train,7ab4ef4cc52f7ac7.jpg,train_7ab4ef4cc52f7ac7.jpg,3
train,2ed77c7d06838fc8.jpg,train_2ed77c7d06838fc8.jpg,8
train,9595aa72c7430e5e.jpg,train_9595aa72c7430e5e.jpg,1
train,6c530f223ee32f76.jpg,train_6c530f223ee32f76.jpg,1
train,5095f023ca52682c.jpg,train_5095f023ca52682c.jpg,5
train,be544709ab40caaa.jpg,train_be544709ab40caaa.jpg,1
train,2c04475810ae6ad8.jpg,train_2c04475810ae6ad8.jpg,6
train,3eca24180996e3ba.jpg,train_3eca24180996e3ba.jpg,10
train,212f8493ef984dba.jpg,train_212f8493ef984dba.jpg,1
train,bcfb1558acbea6a8.jpg,train_bcfb1558acbea6a8.jpg,1
train,36ec3a204ef3f0fe.jpg,train_36ec3a204ef3f0fe.jpg,1
train,d8e8e047545079c7.jpg,train_d8e8e047545079c7.jpg,1
train,bec86f0f5e53a382.jpg,train_bec86f0f5e53a382.jpg,2
train,61c2758818b6aecb.jpg,train_61c2758818b6aecb.jpg,11
train,f3807e821626b487.jpg,train_f3807e821626b487.jpg,3
train,6ac62a82b546a803.jpg,train_6ac62a82b546a803.jpg,2
train,0538b513ceccf779.jpg,train_0538b513ceccf779.jpg,2
train,088eaf74c179d4aa.jpg,train_088eaf74c179d4aa.jpg,5
train,6f923642936342bb.jpg,train_6f923642936342bb.jpg,6
train,7c2c1b44200c86d5.jpg,train_7c2c1b44200c86d5.jpg,5
train,f30e3a5848950546.jpg,train_f30e3a5848950546.jpg,4
train,0075f0b2f3f81f07.jpg,train_0075f0b2f3f81f07.jpg,1
train,05378ceb0cea2370.jpg,train_05378ceb0cea2370.jpg,1
train,a26ed5dbe511c034.jpg,train_a26ed5dbe511c034.jpg,2
train,b89a60d1508f4086.jpg,train_b89a60d1508f4086.jpg,2
train,dcc31e019ae9755f.jpg,train_dcc31e019ae9755f.jpg,4
train,2e3e7d9004f12486.jpg,train_2e3e7d9004f12486.jpg,3
train,84318a05a5fafab7.jpg,train_84318a05a5fafab7.jpg,8
train,8b4eefd66d5f75ce.jpg,train_8b4eefd66d5f75ce.jpg,2
train,0e8fffdab5c75d0c.jpg,train_0e8fffdab5c75d0c.jpg,2
train,45b71f63ec92ff79.jpg,train_45b71f63ec92ff79.jpg,1
train,c68611676a236daf.jpg,train_c68611676a236daf.jpg,3
train,1fe329bfe5c7ae58.jpg,train_1fe329bfe5c7ae58.jpg,1
train,c0d21e71efca24d8.jpg,train_c0d21e71efca24d8.jpg,7
train,980f118d52dc22b0.jpg,train_980f118d52dc22b0.jpg,3
train,d977fbd257840ee6.jpg,train_d977fbd257840ee6.jpg,3
train,f9cd36bd6950a2b3.jpg,train_f9cd36bd6950a2b3.jpg,3
train,263d11747e2192ee.jpg,train_263d11747e2192ee.jpg,18
train,e766191f2cfb0295.jpg,train_e766191f2cfb0295.jpg,1
train,671feaf25eeba9ad.jpg,train_671feaf25eeba9ad.jpg,1
train,6fd68bbf953ec32f.jpg,train_6fd68bbf953ec32f.jpg,1
train,73986eaff5139958.jpg,train_73986eaff5139958.jpg,4
train,87c4719de102388b.jpg,train_87c4719de102388b.jpg,1
train,f4b597ba34b4304c.jpg,train_f4b597ba34b4304c.jpg,1
train,0639c4fcdcfc9989.jpg,train_0639c4fcdcfc9989.jpg,9
train,7c125ec02060f593.jpg,train_7c125ec02060f593.jpg,5
train,025be6787e0864cd.jpg,train_025be6787e0864cd.jpg,1
train,75994468ce931365.jpg,train_75994468ce931365.jpg,3
train,f6098020fd3969f9.jpg,train_f6098020fd3969f9.jpg,3
train,21bfe1f9f70b7edd.jpg,train_21bfe1f9f70b7edd.jpg,1
train,70e5f1046f1bf783.jpg,train_70e5f1046f1bf783.jpg,1
train,0c4fa4b4920447a5.jpg,train_0c4fa4b4920447a5.jpg,2
train,492754ba76618fda.jpg,train_492754ba76618fda.jpg,2
train,1fad4df5bc352034.jpg,train_1fad4df5bc352034.jpg,1
train,cecf41a9e66871bb.jpg,train_cecf41a9e66871bb.jpg,15
train,8cf044902b22f0f4.jpg,train_8cf044902b22f0f4.jpg,16
train,04d9963dbe8f8b09.jpg,train_04d9963dbe8f8b09.jpg,2
train,75a117c1c48ed1a0.jpg,train_75a117c1c48ed1a0.jpg,2
train,04fc27d5a1205d68.jpg,train_04fc27d5a1205d68.jpg,1
train,171f1155dae28d9a.jpg,train_171f1155dae28d9a.jpg,47
train,b75133d5080d1a55.jpg,train_b75133d5080d1a55.jpg,15
train,060b7ff7ca6f486d.jpg,train_060b7ff7ca6f486d.jpg,29
train,6281d0caf4b3de0a.jpg,train_6281d0caf4b3de0a.jpg,1
train,c0b12b82ac2e23bf.jpg,train_c0b12b82ac2e23bf.jpg,1
train,e2fbd5d69d20cbf6.jpg,train_e2fbd5d69d20cbf6.jpg,26
train,69087f5124ab7102.jpg,train_69087f5124ab7102.jpg,1
train,b7ae28f7ec963f83.jpg,train_b7ae28f7ec963f83.jpg,3
train,e9399bcbd98ae4ae.jpg,train_e9399bcbd98ae4ae.jpg,6
train,59c4bd7634c9dba7.jpg,train_59c4bd7634c9dba7.jpg,1
train,73d15b5dcd407c1b.jpg,train_73d15b5dcd407c1b.jpg,1
train,cdbd7e4383b44656.jpg,train_cdbd7e4383b44656.jpg,1
train,040f607c676dc23c.jpg,train_040f607c676dc23c.jpg,14
train,31a4fe0e364cd5f4.jpg,train_31a4fe0e364cd5f4.jpg,1
train,e5e7c46727edb29f.jpg,train_e5e7c46727edb29f.jpg,10
train,d3413c6686be72e8.jpg,train_d3413c6686be72e8.jpg,1
train,6be472b32f69ce57.jpg,train_6be472b32f69ce57.jpg,9
train,9df9cba16807da63.jpg,train_9df9cba16807da63.jpg,9
train,727ddef6454227c9.jpg,train_727ddef6454227c9.jpg,2
train,04241e7862e5466c.jpg,train_04241e7862e5466c.jpg,2
train,1c1548312942a50e.jpg,train_1c1548312942a50e.jpg,1
train,2d60c1d2636068b0.jpg,train_2d60c1d2636068b0.jpg,2
train,d144a42ebf706da4.jpg,train_d144a42ebf706da4.jpg,5
train,11de8b8c264f6a8e.jpg,train_11de8b8c264f6a8e.jpg,1
train,5c634c3fcfcc8872.jpg,train_5c634c3fcfcc8872.jpg,8
train,f9323003c54f4c75.jpg,train_f9323003c54f4c75.jpg,1
train,88b5e56a52f2b12a.jpg,train_88b5e56a52f2b12a.jpg,1
train,f544133c78c06a11.jpg,train_f544133c78c06a11.jpg,2
train,c65a7816c8cc4478.jpg,train_c65a7816c8cc4478.jpg,5
train,9d5054b30e96d88c.jpg,train_9d5054b30e96d88c.jpg,4
train,93b4e756a21ed6e9.jpg,train_93b4e756a21ed6e9.jpg,15
train,d4a8869bdf625abc.jpg,train_d4a8869bdf625abc.jpg,2
train,ee1784030c995d21.jpg,train_ee1784030c995d21.jpg,1
train,54816a673629311a.jpg,train_54816a673629311a.jpg,3
train,d774cb62ba5cf9f8.jpg,train_d774cb62ba5cf9f8.jpg,10
train,aa9edea96ccbbd4f.jpg,train_aa9edea96ccbbd4f.jpg,7
train,27cbaa82daf19659.jpg,train_27cbaa82daf19659.jpg,2
train,440bc2843a602bb4.jpg,train_440bc2843a602bb4.jpg,8
train,001409ad1e7b143a.jpg,train_001409ad1e7b143a.jpg,12
train,40f2b12ffe576425.jpg,train_40f2b12ffe576425.jpg,2
train,133722a6977d947c.jpg,train_133722a6977d947c.jpg,4
train,0429c4ca67b65cd2.jpg,train_0429c4ca67b65cd2.jpg,3
train,e64dc13a14840b2e.jpg,train_e64dc13a14840b2e.jpg,10
train,4816df9c1431af26.jpg,train_4816df9c1431af26.jpg,6
train,b9a041295b0d373b.jpg,train_b9a041295b0d373b.jpg,2
train,1b51b36fa5479d9e.jpg,train_1b51b36fa5479d9e.jpg,1
train,5ad88768edccd624.jpg,train_5ad88768edccd624.jpg,1
train,d957b0c22016d9f1.jpg,train_d957b0c22016d9f1.jpg,3
train,d673700aa2187008.jpg,train_d673700aa2187008.jpg,2
train,134dbf8b721ccd23.jpg,train_134dbf8b721ccd23.jpg,1
train,1fc5d37b4f8620c3.jpg,train_1fc5d37b4f8620c3.jpg,16
train,b60a88e268767936.jpg,train_b60a88e268767936.jpg,8
train,a403fab2ef5eede6.jpg,train_a403fab2ef5eede6.jpg,12
train,c9747d67fe234127.jpg,train_c9747d67fe234127.jpg,1
train,075e0435a4e9f6ea.jpg,train_075e0435a4e9f6ea.jpg,2
train,00d74e5ae46ff980.jpg,train_00d74e5ae46ff980.jpg,1
train,b3adfb54fab02658.jpg,train_b3adfb54fab02658.jpg,1
train,6b62c402b5a30d92.jpg,train_6b62c402b5a30d92.jpg,1
train,8610b2408b54e374.jpg,train_8610b2408b54e374.jpg,2
train,ffccd1fc8de5d5e9.jpg,train_ffccd1fc8de5d5e9.jpg,3
train,d354ca53ca419bd3.jpg,train_d354ca53ca419bd3.jpg,2
train,ffabe139574ec951.jpg,train_ffabe139574ec951.jpg,2
train,b7e34dcc6e99f2ce.jpg,train_b7e34dcc6e99f2ce.jpg,3
train,d23657eb2f254bc3.jpg,train_d23657eb2f254bc3.jpg,4
train,af0fc29ec205c3b3.jpg,train_af0fc29ec205c3b3.jpg,6
train,522f800c696592b7.jpg,train_522f800c696592b7.jpg,14
train,0566a4b5c6e2faf6.jpg,train_0566a4b5c6e2faf6.jpg,1
train,c8d0c57065397306.jpg,train_c8d0c57065397306.jpg,8
train,bb4c6c332352baa9.jpg,train_bb4c6c332352baa9.jpg,4
train,f83030ae368ee3d7.jpg,train_f83030ae368ee3d7.jpg,15
train,562f9b1985100acf.jpg,train_562f9b1985100acf.jpg,1
train,d9f3262b3daccd2f.jpg,train_d9f3262b3daccd2f.jpg,1
train,16ef363a0184881e.jpg,train_16ef363a0184881e.jpg,1
train,f13b6a356969f8bf.jpg,train_f13b6a356969f8bf.jpg,3
train,0fda209cc34f0d05.jpg,train_0fda209cc34f0d05.jpg,3
train,53b86028006838db.jpg,train_53b86028006838db.jpg,1
train,6ab2f1d448816d57.jpg,train_6ab2f1d448816d57.jpg,1
train,d62ec1d171f5d22a.jpg,train_d62ec1d171f5d22a.jpg,2
train,1862dc505afcf6c2.jpg,train_1862dc505afcf6c2.jpg,5
train,225f57286e616bea.jpg,train_225f57286e616bea.jpg,2
train,0a46d4979e0eb5d7.jpg,train_0a46d4979e0eb5d7.jpg,1
train,b907145473051058.jpg,train_b907145473051058.jpg,1
train,ad4854d5f33155b5.jpg,train_ad4854d5f33155b5.jpg,2
train,352501ec50d3e335.jpg,train_352501ec50d3e335.jpg,3
train,9c62921ae2e3e448.jpg,train_9c62921ae2e3e448.jpg,1
train,4909d598b78d548a.jpg,train_4909d598b78d548a.jpg,9
train,0433bd022aea658a.jpg,train_0433bd022aea658a.jpg,3
train,07ef06f566dedfc4.jpg,train_07ef06f566dedfc4.jpg,1
train,8464aa84fcf0de26.jpg,train_8464aa84fcf0de26.jpg,12
train,86cfd772da58f179.jpg,train_86cfd772da58f179.jpg,1
train,fa262ce5dc8cdc4e.jpg,train_fa262ce5dc8cdc4e.jpg,1
train,03d63bf4bfe6373d.jpg,train_03d63bf4bfe6373d.jpg,1
train,9ca3ce4d8243a5ed.jpg,train_9ca3ce4d8243a5ed.jpg,3
train,b995621f20c893a5.jpg,train_b995621f20c893a5.jpg,2
train,575f53c59c88e0d4.jpg,train_575f53c59c88e0d4.jpg,1
train,4a12e80b2b4374af.jpg,train_4a12e80b2b4374af.jpg,14
train,e07fb41b6c50c106.jpg,train_e07fb41b6c50c106.jpg,1
train,3876bc0823733813.jpg,train_3876bc0823733813.jpg,1
train,4fabfe67e4e412fd.jpg,train_4fabfe67e4e412fd.jpg,2
train,87c58bb83226ca57.jpg,train_87c58bb83226ca57.jpg,1
train,07d699697cd8b682.jpg,train_07d699697cd8b682.jpg,2
train,ec342386fd8ae2b1.jpg,train_ec342386fd8ae2b1.jpg,1
train,17db4c53717c0114.jpg,train_17db4c53717c0114.jpg,1
train,49c8746ee2b26eb8.jpg,train_49c8746ee2b26eb8.jpg,1
train,aee5e0341f8bc701.jpg,train_aee5e0341f8bc701.jpg,1
train,d7f1e91c25ec9661.jpg,train_d7f1e91c25ec9661.jpg,5
train,aab1c1431e1ad947.jpg,train_aab1c1431e1ad947.jpg,7
train,20a118df82f31f02.jpg,train_20a118df82f31f02.jpg,9
train,58a8f279894cd742.jpg,train_58a8f279894cd742.jpg,11
train,722fee90d59bdcca.jpg,train_722fee90d59bdcca.jpg,1
train,7140be2f58337b54.jpg,train_7140be2f58337b54.jpg,11
train,bd8dfddc8327d150.jpg,train_bd8dfddc8327d150.jpg,18
train,cd89db6099ca22d8.jpg,train_cd89db6099ca22d8.jpg,2
train,f6cd2d2790f2fd21.jpg,train_f6cd2d2790f2fd21.jpg,1
train,f14cea041175163e.jpg,train_f14cea041175163e.jpg,1
train,f32e535bc2d14c81.jpg,train_f32e535bc2d14c81.jpg,2
train,1b76e90f734f6ae9.jpg,train_1b76e90f734f6ae9.jpg,2
train,5c2e00eccdf85e4a.jpg,train_5c2e00eccdf85e4a.jpg,2
train,8b193f0181622085.jpg,train_8b193f0181622085.jpg,1
train,edeaff61401de8b6.jpg,train_edeaff61401de8b6.jpg,2
train,1fc86c5fd773b16d.jpg,train_1fc86c5fd773b16d.jpg,2
train,63ae3abb7eb26369.jpg,train_63ae3abb7eb26369.jpg,19
train,dcceabe3b6b42918.jpg,train_dcceabe3b6b42918.jpg,1
train,887713dd0e409497.jpg,train_887713dd0e409497.jpg,4
train,045345306618fc16.jpg,train_045345306618fc16.jpg,8
train,0ed68071e981e2ed.jpg,train_0ed68071e981e2ed.jpg,1
train,551f195eb42d1b21.jpg,train_551f195eb42d1b21.jpg,3
train,0c04949760750afc.jpg,train_0c04949760750afc.jpg,2
train,1002f332f414f09c.jpg,train_1002f332f414f09c.jpg,4
train,00cea4a90d6bc53b.jpg,train_00cea4a90d6bc53b.jpg,1
train,fba22bb81a1924a1.jpg,train_fba22bb81a1924a1.jpg,1
train,55c70f732226dd8e.jpg,train_55c70f732226dd8e.jpg,5
train,0286c0a7243b6136.jpg,train_0286c0a7243b6136.jpg,2
train,8d9e1d798d296d02.jpg,train_8d9e1d798d296d02.jpg,4
train,0d816234b276ad1e.jpg,train_0d816234b276ad1e.jpg,1
train,53e9f9b470ca06f6.jpg,train_53e9f9b470ca06f6.jpg,1
train,5f331a7b04345efb.jpg,train_5f331a7b04345efb.jpg,18
train,208d93914d9dcbfb.jpg,train_208d93914d9dcbfb.jpg,1
train,c321877fd0cc4c1c.jpg,train_c321877fd0cc4c1c.jpg,15
train,bbb71913a2118bd2.jpg,train_bbb71913a2118bd2.jpg,3
train,a10ddfebb1e1e3f1.jpg,train_a10ddfebb1e1e3f1.jpg,1
train,ed05c4f21ca34ee6.jpg,train_ed05c4f21ca34ee6.jpg,39
train,7c496cce4ddb4512.jpg,train_7c496cce4ddb4512.jpg,2
train,4874d6913dfbfd66.jpg,train_4874d6913dfbfd66.jpg,2
train,4da62627a9d89425.jpg,train_4da62627a9d89425.jpg,1
train,b533e4f32fa2287d.jpg,train_b533e4f32fa2287d.jpg,8
train,edf24040142be22c.jpg,train_edf24040142be22c.jpg,4
train,33d166c324c46dad.jpg,train_33d166c324c46dad.jpg,5
train,d0d29f0dd4927684.jpg,train_d0d29f0dd4927684.jpg,17
train,24b18c7e97791446.jpg,train_24b18c7e97791446.jpg,12
train,22bebec1426e5dcf.jpg,train_22bebec1426e5dcf.jpg,3
train,0fc29e5128605249.jpg,train_0fc29e5128605249.jpg,5
train,d462146990008721.jpg,train_d462146990008721.jpg,1
train,14915b964832c8e8.jpg,train_14915b964832c8e8.jpg,7
train,f79235e727a1fae3.jpg,train_f79235e727a1fae3.jpg,1
train,5bcc49f9ffe0a0e2.jpg,train_5bcc49f9ffe0a0e2.jpg,8
train,0b97e7818af0537d.jpg,train_0b97e7818af0537d.jpg,2
train,5a0ca368ccb5d2e6.jpg,train_5a0ca368ccb5d2e6.jpg,4
train,7b574a5865c63b63.jpg,train_7b574a5865c63b63.jpg,1
train,9b3a86c9d5731687.jpg,train_9b3a86c9d5731687.jpg,2
train,1dd1ec777053a612.jpg,train_1dd1ec777053a612.jpg,4
train,0259b4c747001062.jpg,train_0259b4c747001062.jpg,11
train,d53aa6b46c2bd84f.jpg,train_d53aa6b46c2bd84f.jpg,1
train,849672fbe02cb9dc.jpg,train_849672fbe02cb9dc.jpg,3
train,00126a640cabc9c1.jpg,train_00126a640cabc9c1.jpg,12
train,329850d673ca18df.jpg,train_329850d673ca18df.jpg,7
train,a1220e468c95261f.jpg,train_a1220e468c95261f.jpg,2
train,ec03758216280f60.jpg,train_ec03758216280f60.jpg,1
train,fc44d0c6f50c0aed.jpg,train_fc44d0c6f50c0aed.jpg,1
train,e6b9fa06dadfd91d.jpg,train_e6b9fa06dadfd91d.jpg,1
train,763837895ef5792a.jpg,train_763837895ef5792a.jpg,1
train,1b31bb12c2535500.jpg,train_1b31bb12c2535500.jpg,9
train,deadd87e3e9f59e5.jpg,train_deadd87e3e9f59e5.jpg,1
train,39e5bfa9b83d4d64.jpg,train_39e5bfa9b83d4d64.jpg,4
train,dc42e32b2d50685b.jpg,train_dc42e32b2d50685b.jpg,1
train,67d5f0b3df98b0d9.jpg,train_67d5f0b3df98b0d9.jpg,1
train,0067402849a0fef2.jpg,train_0067402849a0fef2.jpg,2
train,c5086eff29a663c8.jpg,train_c5086eff29a663c8.jpg,3
train,31c5a3f0d9378da9.jpg,train_31c5a3f0d9378da9.jpg,1
train,ba472ebec0d0e7a1.jpg,train_ba472ebec0d0e7a1.jpg,23
train,74390c08a2fbf986.jpg,train_74390c08a2fbf986.jpg,1
train,ffe5bab30a7e4d17.jpg,train_ffe5bab30a7e4d17.jpg,4
train,fa736d1d94b24cd8.jpg,train_fa736d1d94b24cd8.jpg,6
train,f497432e27d0c450.jpg,train_f497432e27d0c450.jpg,1
train,1e7469870dd03e54.jpg,train_1e7469870dd03e54.jpg,4
train,0126cf8dfbabcbaf.jpg,train_0126cf8dfbabcbaf.jpg,1
train,6166bdecbf3d3e25.jpg,train_6166bdecbf3d3e25.jpg,6
train,e9141c6b76fbcfb6.jpg,train_e9141c6b76fbcfb6.jpg,1
train,cd8df915f7352b25.jpg,train_cd8df915f7352b25.jpg,7
train,a66bf5d21c858708.jpg,train_a66bf5d21c858708.jpg,1
train,a70f24ad6b12bc6a.jpg,train_a70f24ad6b12bc6a.jpg,2
train,0d5e31a5bdc3d885.jpg,train_0d5e31a5bdc3d885.jpg,29
train,fe2d441bc9e0adf9.jpg,train_fe2d441bc9e0adf9.jpg,3
train,325c051bf7c188db.jpg,train_325c051bf7c188db.jpg,7
train,2f89fb86f4e5b8ac.jpg,train_2f89fb86f4e5b8ac.jpg,16
train,1caf7af5a7326c8d.jpg,train_1caf7af5a7326c8d.jpg,2
train,07a255ff417d56d4.jpg,train_07a255ff417d56d4.jpg,3
train,16adcc6c8a9b6c86.jpg,train_16adcc6c8a9b6c86.jpg,1
train,d7ff3304c877c97e.jpg,train_d7ff3304c877c97e.jpg,9
train,dfd1467e1230e41d.jpg,train_dfd1467e1230e41d.jpg,2
train,2a164a8b5626a00b.jpg,train_2a164a8b5626a00b.jpg,1
train,f3296b5cf78803ec.jpg,train_f3296b5cf78803ec.jpg,1
train,9a6422c4f6d38754.jpg,train_9a6422c4f6d38754.jpg,2
train,acb702975a36e991.jpg,train_acb702975a36e991.jpg,3
train,b7f17884a9264316.jpg,train_b7f17884a9264316.jpg,2
train,67d344fee8917612.jpg,train_67d344fee8917612.jpg,1
train,ecfebe6dd7a341bd.jpg,train_ecfebe6dd7a341bd.jpg,6
train,5e0af0f943d58aab.jpg,train_5e0af0f943d58aab.jpg,2
train,ff22e649db345115.jpg,train_ff22e649db345115.jpg,1
train,68a7dfeb9580e0c1.jpg,train_68a7dfeb9580e0c1.jpg,1
train,2c0d0971220bd190.jpg,train_2c0d0971220bd190.jpg,1
train,c73521a2a9680d51.jpg,train_c73521a2a9680d51.jpg,1
train,abdaa78e746474f3.jpg,train_abdaa78e746474f3.jpg,1
train,da7263e49a0611e8.jpg,train_da7263e49a0611e8.jpg,1
train,4e37c9de219f4a82.jpg,train_4e37c9de219f4a82.jpg,1
train,7dd2c6f8e6fd17d2.jpg,train_7dd2c6f8e6fd17d2.jpg,3
train,4d62b3b0e9fb154f.jpg,train_4d62b3b0e9fb154f.jpg,2
train,0e9f655b0a190ab1.jpg,train_0e9f655b0a190ab1.jpg,15
train,6a63888580744226.jpg,train_6a63888580744226.jpg,10
train,ae1b828f3f40d8db.jpg,train_ae1b828f3f40d8db.jpg,1
train,7e35ed4186b9203f.jpg,train_7e35ed4186b9203f.jpg,1
train,fe0dc130f1c641d3.jpg,train_fe0dc130f1c641d3.jpg,6
train,554b010f09a85340.jpg,train_554b010f09a85340.jpg,1
train,0afb99fc2ce00355.jpg,train_0afb99fc2ce00355.jpg,7
train,8538f1f156fc587a.jpg,train_8538f1f156fc587a.jpg,1
train,50c92e4e8672fd85.jpg,train_50c92e4e8672fd85.jpg,1
train,6af6b9c5cab9a815.jpg,train_6af6b9c5cab9a815.jpg,4
train,a567b7584d191da1.jpg,train_a567b7584d191da1.jpg,1
train,c92dff1c542ef9b8.jpg,train_c92dff1c542ef9b8.jpg,2
train,32b67637794015a6.jpg,train_32b67637794015a6.jpg,7
train,ff9ca33525158d68.jpg,train_ff9ca33525158d68.jpg,8
train,eb129acba22bbbce.jpg,train_eb129acba22bbbce.jpg,5
train,35ebf9dc7cf77f2d.jpg,train_35ebf9dc7cf77f2d.jpg,4
train,107dbc0aa811fc53.jpg,train_107dbc0aa811fc53.jpg,1
train,6a4ab1306df6261a.jpg,train_6a4ab1306df6261a.jpg,1
train,4c5eb5934c3a023b.jpg,train_4c5eb5934c3a023b.jpg,2
train,9677f998c268d768.jpg,train_9677f998c268d768.jpg,1
train,9f42676014e92c70.jpg,train_9f42676014e92c70.jpg,1
train,32b4066fdae3ba4e.jpg,train_32b4066fdae3ba4e.jpg,2
train,9cfd9a9937f6bb33.jpg,train_9cfd9a9937f6bb33.jpg,1
train,c4a9fafe93532b3b.jpg,train_c4a9fafe93532b3b.jpg,5
train,fa6476073bdb949e.jpg,train_fa6476073bdb949e.jpg,4
train,f961bdf664833c57.jpg,train_f961bdf664833c57.jpg,1
train,1a3f95ed99f0ba08.jpg,train_1a3f95ed99f0ba08.jpg,12
train,fd635a7e4563d567.jpg,train_fd635a7e4563d567.jpg,5
train,12c12ed83bff3642.jpg,train_12c12ed83bff3642.jpg,1
train,7256ff747bdf495e.jpg,train_7256ff747bdf495e.jpg,3
train,54d818968ad2562d.jpg,train_54d818968ad2562d.jpg,1
train,07144c53eae76828.jpg,train_07144c53eae76828.jpg,1
train,0fd913054835a391.jpg,train_0fd913054835a391.jpg,4
train,42379ab76e9226ba.jpg,train_42379ab76e9226ba.jpg,3
train,9a0cd55a6e63821e.jpg,train_9a0cd55a6e63821e.jpg,2
train,742c67ede8cc02c7.jpg,train_742c67ede8cc02c7.jpg,1
train,f3a494243027d8a4.jpg,train_f3a494243027d8a4.jpg,1
train,1247585bffe1878d.jpg,train_1247585bffe1878d.jpg,3
train,a4ae441a182c4493.jpg,train_a4ae441a182c4493.jpg,1
train,229f02a07e77ae38.jpg,train_229f02a07e77ae38.jpg,6
train,ec473f9f0c9fff96.jpg,train_ec473f9f0c9fff96.jpg,1
train,c7a029b6232c3445.jpg,train_c7a029b6232c3445.jpg,10
train,06b601d59f94b94a.jpg,train_06b601d59f94b94a.jpg,1
train,682464dbf688753f.jpg,train_682464dbf688753f.jpg,1
train,909e97cc4ad16a46.jpg,train_909e97cc4ad16a46.jpg,2
train,98ad93347c201d30.jpg,train_98ad93347c201d30.jpg,3
train,18782389e0af1909.jpg,train_18782389e0af1909.jpg,1
train,a570dd910c2dca4a.jpg,train_a570dd910c2dca4a.jpg,2
train,1700ed1ce0bfbf1e.jpg,train_1700ed1ce0bfbf1e.jpg,1
train,fe90ab566f5caa2d.jpg,train_fe90ab566f5caa2d.jpg,10
train,8c6d90125af4294c.jpg,train_8c6d90125af4294c.jpg,1
train,4f5613f33867b43e.jpg,train_4f5613f33867b43e.jpg,1
train,30591a80e7510559.jpg,train_30591a80e7510559.jpg,5
train,fb09732c086ec117.jpg,train_fb09732c086ec117.jpg,8
train,8f519b49982c9397.jpg,train_8f519b49982c9397.jpg,5
train,b5089ddf811b5bd8.jpg,train_b5089ddf811b5bd8.jpg,4
train,32527663c5ca798a.jpg,train_32527663c5ca798a.jpg,1
train,00cc8943fb0f569d.jpg,train_00cc8943fb0f569d.jpg,9
train,6e109d18888bb478.jpg,train_6e109d18888bb478.jpg,1
train,c1dd4c0d6015bdf3.jpg,train_c1dd4c0d6015bdf3.jpg,5
train,5194fda009efa695.jpg,train_5194fda009efa695.jpg,4
train,b408c962c401b709.jpg,train_b408c962c401b709.jpg,9
train,fe74b7a8fb11e4d6.jpg,train_fe74b7a8fb11e4d6.jpg,1
train,47415bb56544e3bc.jpg,train_47415bb56544e3bc.jpg,3
train,f61c1ff73b9c3bb8.jpg,train_f61c1ff73b9c3bb8.jpg,2
train,03d2eddbe527fa87.jpg,train_03d2eddbe527fa87.jpg,6
train,dd880bd9c14d6418.jpg,train_dd880bd9c14d6418.jpg,1
train,569e489443b790cc.jpg,train_569e489443b790cc.jpg,21
train,504bd1f6470bcf70.jpg,train_504bd1f6470bcf70.jpg,4
train,172b0de12a8fada4.jpg,train_172b0de12a8fada4.jpg,3
train,0429cc635a9b467f.jpg,train_0429cc635a9b467f.jpg,3
train,0480c43f614ede1a.jpg,train_0480c43f614ede1a.jpg,1
train,b4d0eae47a13964e.jpg,train_b4d0eae47a13964e.jpg,2
train,14bebd936eb99b5b.jpg,train_14bebd936eb99b5b.jpg,1
train,f059f8a37323f8f9.jpg,train_f059f8a37323f8f9.jpg,1
train,1a621bd693dc683f.jpg,train_1a621bd693dc683f.jpg,2
train,2a9049501c4cdcdc.jpg,train_2a9049501c4cdcdc.jpg,3
train,5338e90a1d5c229a.jpg,train_5338e90a1d5c229a.jpg,5
train,5d128a80b4c860b2.jpg,train_5d128a80b4c860b2.jpg,4
train,6d81062eec9fd846.jpg,train_6d81062eec9fd846.jpg,1
train,033028d137475471.jpg,train_033028d137475471.jpg,1
train,1da2bdf72cbb764f.jpg,train_1da2bdf72cbb764f.jpg,11
val,04ce0bea454a0696.jpg,val_04ce0bea454a0696.jpg,3
val,224ad16181d9fb6b.jpg,val_224ad16181d9fb6b.jpg,2
val,3430425f3269b66e.jpg,val_3430425f3269b66e.jpg,1
val,f53398318746db35.jpg,val_f53398318746db35.jpg,1
val,ba4067ffaa2b7e47.jpg,val_ba4067ffaa2b7e47.jpg,1
val,bea5a36ca59412da.jpg,val_bea5a36ca59412da.jpg,2
val,421a93da4e4152f3.jpg,val_421a93da4e4152f3.jpg,1
val,415cd68440b0cc93.jpg,val_415cd68440b0cc93.jpg,1
val,4d0180f8f03f1540.jpg,val_4d0180f8f03f1540.jpg,2
val,8b3ea7f244658059.jpg,val_8b3ea7f244658059.jpg,1
val,ae5c4286b18d8ed6.jpg,val_ae5c4286b18d8ed6.jpg,1
val,694fae862931296e.jpg,val_694fae862931296e.jpg,1
val,450360d4f08b9f53.jpg,val_450360d4f08b9f53.jpg,1
val,178a83688c532568.jpg,val_178a83688c532568.jpg,1
val,b8ce3d5463ee2434.jpg,val_b8ce3d5463ee2434.jpg,1
val,c310d709fbef6597.jpg,val_c310d709fbef6597.jpg,1
val,0ea8215d241cd6a7.jpg,val_0ea8215d241cd6a7.jpg,2
val,af71a48fe073a53c.jpg,val_af71a48fe073a53c.jpg,1
val,d4c182b6392d39c0.jpg,val_d4c182b6392d39c0.jpg,1
val,62be1fd5efd9fa82.jpg,val_62be1fd5efd9fa82.jpg,1
val,5062a3ff888a580a.jpg,val_5062a3ff888a580a.jpg,3
val,64342bfa9f1f2004.jpg,val_64342bfa9f1f2004.jpg,1
val,77f1ce5dd3b7d6eb.jpg,val_77f1ce5dd3b7d6eb.jpg,1
val,65fa93cf7916e533.jpg,val_65fa93cf7916e533.jpg,2
val,cae66c32f6f200cb.jpg,val_cae66c32f6f200cb.jpg,1
val,b3b3b0fda4faaeaf.jpg,val_b3b3b0fda4faaeaf.jpg,1
val,65924623968e80ed.jpg,val_65924623968e80ed.jpg,8
val,6970e9b6d3ad031f.jpg,val_6970e9b6d3ad031f.jpg,2
val,26ad15f7c8fa32c1.jpg,val_26ad15f7c8fa32c1.jpg,1
val,fc1bfe886053765a.jpg,val_fc1bfe886053765a.jpg,2
val,f47e4757122337f8.jpg,val_f47e4757122337f8.jpg,1
val,6087895e5aee45b6.jpg,val_6087895e5aee45b6.jpg,4
val,cea42081bea3bc7e.jpg,val_cea42081bea3bc7e.jpg,1
val,961378a112a51b1e.jpg,val_961378a112a51b1e.jpg,2
val,0620d92be1d81c24.jpg,val_0620d92be1d81c24.jpg,1
val,f17a869e39e24721.jpg,val_f17a869e39e24721.jpg,2
val,d6db7584e8734c0d.jpg,val_d6db7584e8734c0d.jpg,1
val,b616d2befceab9a8.jpg,val_b616d2befceab9a8.jpg,5
val,1f860f31115ed8bb.jpg,val_1f860f31115ed8bb.jpg,1
val,7375f049dee8abf3.jpg,val_7375f049dee8abf3.jpg,1
val,6e413b1d5a3b66a6.jpg,val_6e413b1d5a3b66a6.jpg,4
val,84e5c23a14fea5bf.jpg,val_84e5c23a14fea5bf.jpg,1
val,f89ff5d9886934c9.jpg,val_f89ff5d9886934c9.jpg,1
val,87ea58fb7ed13387.jpg,val_87ea58fb7ed13387.jpg,1
val,9085b1c48bc921ad.jpg,val_9085b1c48bc921ad.jpg,1
val,4b10e6b2dd5cf169.jpg,val_4b10e6b2dd5cf169.jpg,1
val,971db95a917f8511.jpg,val_971db95a917f8511.jpg,8
val,6e6f4713ba2e1b03.jpg,val_6e6f4713ba2e1b03.jpg,1
val,4fe7e6a68490affb.jpg,val_4fe7e6a68490affb.jpg,1
val,e1ee8fe71643457f.jpg,val_e1ee8fe71643457f.jpg,3
val,55311cf721c5f2e6.jpg,val_55311cf721c5f2e6.jpg,1
val,cbae77eec4409fec.jpg,val_cbae77eec4409fec.jpg,1
val,a4c4769740924471.jpg,val_a4c4769740924471.jpg,1
val,226042dbf3ebdf47.jpg,val_226042dbf3ebdf47.jpg,1
val,57711acbb13dc757.jpg,val_57711acbb13dc757.jpg,1
val,ab0be1741d742eba.jpg,val_ab0be1741d742eba.jpg,1
val,364bc47890f68a2c.jpg,val_364bc47890f68a2c.jpg,5
val,6e3d4fafb792cbc0.jpg,val_6e3d4fafb792cbc0.jpg,1
val,791c4a0fb354f2b6.jpg,val_791c4a0fb354f2b6.jpg,4
val,36f964cfbd107b1b.jpg,val_36f964cfbd107b1b.jpg,1
val,c3955eabb2b204ee.jpg,val_c3955eabb2b204ee.jpg,2
val,5259e2bd94d9a5d6.jpg,val_5259e2bd94d9a5d6.jpg,8
val,783deeba0ed143cd.jpg,val_783deeba0ed143cd.jpg,1
val,f36578445371ad52.jpg,val_f36578445371ad52.jpg,1
val,9033984d077095a0.jpg,val_9033984d077095a0.jpg,1
val,a5766e3ff1f5ea4a.jpg,val_a5766e3ff1f5ea4a.jpg,5
val,c4675c9fec56c88a.jpg,val_c4675c9fec56c88a.jpg,1
val,a0767e2d4df28b6c.jpg,val_a0767e2d4df28b6c.jpg,1
val,bbd2e08c20477210.jpg,val_bbd2e08c20477210.jpg,1
val,d97b6ab8ed084f0a.jpg,val_d97b6ab8ed084f0a.jpg,21
val,9bf69072f9693c5c.jpg,val_9bf69072f9693c5c.jpg,1
val,1445fa691a804dc2.jpg,val_1445fa691a804dc2.jpg,1
val,373eb7cd1849a39d.jpg,val_373eb7cd1849a39d.jpg,2
val,86463a5a7dcb1a69.jpg,val_86463a5a7dcb1a69.jpg,1
val,5fd8e7767e723d54.jpg,val_5fd8e7767e723d54.jpg,1
val,4d55c519a24906d3.jpg,val_4d55c519a24906d3.jpg,1
val,f8d18b6e6302d6c5.jpg,val_f8d18b6e6302d6c5.jpg,1
val,19d1c340dd7a4268.jpg,val_19d1c340dd7a4268.jpg,4
val,a61bfb2ebe4460a6.jpg,val_a61bfb2ebe4460a6.jpg,1
val,1fca4e8814de1ef8.jpg,val_1fca4e8814de1ef8.jpg,2
val,7d41596df966700d.jpg,val_7d41596df966700d.jpg,1
val,6daa5fd5b62325ed.jpg,val_6daa5fd5b62325ed.jpg,1
val,0dfb0cb56b5f6f83.jpg,val_0dfb0cb56b5f6f83.jpg,1
val,48f79081769b86d4.jpg,val_48f79081769b86d4.jpg,5
val,d9010a8d5210fcf5.jpg,val_d9010a8d5210fcf5.jpg,1
val,5dd120b1e38c0919.jpg,val_5dd120b1e38c0919.jpg,2
val,5f98a6a9fcb28e04.jpg,val_5f98a6a9fcb28e04.jpg,1
val,1e838fef1f21a3d9.jpg,val_1e838fef1f21a3d9.jpg,1
val,60c1462011836793.jpg,val_60c1462011836793.jpg,2
val,deca5d30d26fa340.jpg,val_deca5d30d26fa340.jpg,4
val,1eb8d0a8e5ca2681.jpg,val_1eb8d0a8e5ca2681.jpg,1
val,b0130d2ec45bb2c9.jpg,val_b0130d2ec45bb2c9.jpg,3
val,da5c84078829adf0.jpg,val_da5c84078829adf0.jpg,1
val,270014837523e494.jpg,val_270014837523e494.jpg,8
val,bb1d4f67c6188864.jpg,val_bb1d4f67c6188864.jpg,2
val,59f9f4e9741794fc.jpg,val_59f9f4e9741794fc.jpg,2
val,e23811211571bf14.jpg,val_e23811211571bf14.jpg,2
val,c688e4d09590ef96.jpg,val_c688e4d09590ef96.jpg,2
val,335197067b30029e.jpg,val_335197067b30029e.jpg,1
val,b609de889b406f73.jpg,val_b609de889b406f73.jpg,2
val,03ff795a8babe22b.jpg,val_03ff795a8babe22b.jpg,1
val,f5d935c8fd3ef252.jpg,val_f5d935c8fd3ef252.jpg,1
val,e5531523af677311.jpg,val_e5531523af677311.jpg,1
val,f7e2a754b421ed04.jpg,val_f7e2a754b421ed04.jpg,4
val,fd58a37fadbad38d.jpg,val_fd58a37fadbad38d.jpg,1
val,678b317900696657.jpg,val_678b317900696657.jpg,1
val,ef37ee1ccb9ee712.jpg,val_ef37ee1ccb9ee712.jpg,1
val,a91edddd4a19b12d.jpg,val_a91edddd4a19b12d.jpg,2
val,9eaeeb7a02913948.jpg,val_9eaeeb7a02913948.jpg,1
val,abc1b2539b4bdaa7.jpg,val_abc1b2539b4bdaa7.jpg,1
val,3767ae8b39d1efd3.jpg,val_3767ae8b39d1efd3.jpg,1
val,83bde93186601632.jpg,val_83bde93186601632.jpg,1
val,e14f9b3b1fec79ef.jpg,val_e14f9b3b1fec79ef.jpg,1
val,8d5ea8d8bd790eb3.jpg,val_8d5ea8d8bd790eb3.jpg,1
val,7618e48add592e8e.jpg,val_7618e48add592e8e.jpg,1
val,3c0b58255137d56a.jpg,val_3c0b58255137d56a.jpg,1
val,383f4d01a43c5b71.jpg,val_383f4d01a43c5b71.jpg,2
val,e8fa96ecb46f5346.jpg,val_e8fa96ecb46f5346.jpg,2
val,0755c308c03f0bdc.jpg,val_0755c308c03f0bdc.jpg,7
val,0b7fa9b3bb291bd3.jpg,val_0b7fa9b3bb291bd3.jpg,1
val,686a7184b6616e50.jpg,val_686a7184b6616e50.jpg,1
val,891f253af6de4b56.jpg,val_891f253af6de4b56.jpg,1
val,1e54fe77eb9db77b.jpg,val_1e54fe77eb9db77b.jpg,2
val,7e0958fcde715dbe.jpg,val_7e0958fcde715dbe.jpg,1
val,d95cb72e629f07dc.jpg,val_d95cb72e629f07dc.jpg,2
val,af930390e202a313.jpg,val_af930390e202a313.jpg,1
val,a4e8f96810dab5f3.jpg,val_a4e8f96810dab5f3.jpg,1
val,37a8b48110db608f.jpg,val_37a8b48110db608f.jpg,2
val,4c85d26fa6d01bc2.jpg,val_4c85d26fa6d01bc2.jpg,1
val,6c31d5bcb959b572.jpg,val_6c31d5bcb959b572.jpg,1
val,707200a238efb28c.jpg,val_707200a238efb28c.jpg,1
val,80cdec2f07849ce7.jpg,val_80cdec2f07849ce7.jpg,1
val,0e8d55f67017c922.jpg,val_0e8d55f67017c922.jpg,3
val,3b0552d633474d44.jpg,val_3b0552d633474d44.jpg,3
